name;url;type
README.md;https://github.com/rladies/meetup-presentations_abuja/blob/master/README.md;file
.gitignore;https://github.com/rladies/meetup-presentations_adelaide/blob/master/.gitignore;file
README.md;https://github.com/rladies/meetup-presentations_adelaide/blob/master/README.md;file
.gitignore;https://github.com/rladies/meetup-presentations_ames/blob/master/.gitignore;file
.gitmodules;https://github.com/rladies/meetup-presentations_ames/blob/master/.gitmodules;file
README.md;https://github.com/rladies/meetup-presentations_ames/blob/master/README.md;file
WebscrapingTidyverse;https://github.com/rladies-ames/WebscrapingTidyverse/tree/f6adc80bde205532f9744dff78a57b8d797aa990;file
git-ladies;https://github.com/rladies-ames/git-ladies/tree/ef4535617cae6b4ecea9de2f3520788e2e19d28a;file
magic-tidying-data;https://github.com/rladies-ames/magic-tidying-data/tree/6339454d192592036e0f49d54a3cf9b093c7e765;file
538-master;https://github.com/rladies/meetup-presentations_athens-ga/tree/master/538-master;dir
Data Visualization_byPaigeMiller538-master;https://github.com/rladies/meetup-presentations_athens-ga/tree/master/Data%20Visualization_byPaigeMiller538-master;dir
Intro to Dplyr_byNataliaAraujo.pdf;https://github.com/rladies/meetup-presentations_athens-ga/blob/master/Intro%20to%20Dplyr_byNataliaAraujo.pdf;file
MarkdownTutorial_byDorrisScott;https://github.com/rladies/meetup-presentations_athens-ga/tree/master/MarkdownTutorial_byDorrisScott;dir
README.md;https://github.com/rladies/meetup-presentations_athens-ga/blob/master/README.md;file
WritingConciseCode_byLisaLipani_.Rmd;https://github.com/rladies/meetup-presentations_athens-ga/blob/master/WritingConciseCode_byLisaLipani_.Rmd;file
.gitignore;https://github.com/rladies/meetup-presentations_auckland/blob/master/.gitignore;file
2017-12_R-Ladies_Auckland_Launch.pptx;https://github.com/rladies/meetup-presentations_auckland/blob/master/2017-12_R-Ladies_Auckland_Launch.pptx;file
2017-12_tidyverse-6-auckland.pdf;https://github.com/rladies/meetup-presentations_auckland/blob/master/2017-12_tidyverse-6-auckland.pdf;file
2018-03_Dive_into_dplyr;https://github.com/rladies/meetup-presentations_auckland/tree/master/2018-03_Dive_into_dplyr;dir
2018-03_rOpenSci.pdf;https://github.com/rladies/meetup-presentations_auckland/blob/master/2018-03_rOpenSci.pdf;file
2018-05_Harry_Potter_and_the_Rvest_of_Fanfiction.Rmd;https://github.com/rladies/meetup-presentations_auckland/blob/master/2018-05_Harry_Potter_and_the_Rvest_of_Fanfiction.Rmd;file
2018-08_Intro_to_R_Notes.Rmd;https://github.com/rladies/meetup-presentations_auckland/blob/master/2018-08_Intro_to_R_Notes.Rmd;file
2018-08_Intro_to_R_Pres.Rmd;https://github.com/rladies/meetup-presentations_auckland/blob/master/2018-08_Intro_to_R_Pres.Rmd;file
2018-09_creating_maps;https://github.com/rladies/meetup-presentations_auckland/tree/master/2018-09_creating_maps;dir
2018-10_powerpixels;https://github.com/rladies/meetup-presentations_auckland/tree/master/2018-10_powerpixels;dir
2018-11_telling_stories;https://github.com/rladies/meetup-presentations_auckland/tree/master/2018-11_telling_stories;dir
2019-02_Hands_onIntro_SQL_and_R.Rmd;https://github.com/rladies/meetup-presentations_auckland/blob/master/2019-02_Hands_onIntro_SQL_and_R.Rmd;file
2019-06_Lightning_talks;https://github.com/rladies/meetup-presentations_auckland/tree/master/2019-06_Lightning_talks;dir
README.md;https://github.com/rladies/meetup-presentations_auckland/blob/master/README.md;file
.gitignore;https://github.com/rladies/meetup-presentations_austin/blob/master/.gitignore;file
README.md;https://github.com/rladies/meetup-presentations_austin/blob/master/README.md;file
.gitignore;https://github.com/rladies/meetup-presentations_baltimore/blob/master/.gitignore;file
012419_MeetupMaterials;https://github.com/rladies/meetup-presentations_baltimore/tree/master/012419_MeetupMaterials;dir
052219_MeetupMaterials;https://github.com/rladies/meetup-presentations_baltimore/tree/master/052219_MeetupMaterials;dir
20180524_launch.md;https://github.com/rladies/meetup-presentations_baltimore/blob/master/20180524_launch.md;file
20180925_conferenceroundup.md;https://github.com/rladies/meetup-presentations_baltimore/blob/master/20180925_conferenceroundup.md;file
20181114_industry.md;https://github.com/rladies/meetup-presentations_baltimore/blob/master/20181114_industry.md;file
20190313_tidyverse.md;https://github.com/rladies/meetup-presentations_baltimore/blob/master/20190313_tidyverse.md;file
20190918_rmarkdown_dataviz.Rmd;https://github.com/rladies/meetup-presentations_baltimore/blob/master/20190918_rmarkdown_dataviz.Rmd;file
20190918_rmarkdown_slides;https://github.com/rladies/meetup-presentations_baltimore/tree/master/20190918_rmarkdown_slides;dir
20191122_MeetupMaterials;https://github.com/rladies/meetup-presentations_baltimore/tree/master/20191122_MeetupMaterials;dir
20200129_shiny.md;https://github.com/rladies/meetup-presentations_baltimore/blob/master/20200129_shiny.md;file
README.md;https://github.com/rladies/meetup-presentations_baltimore/blob/master/README.md;file
meetup-presentations_baltimore.Rproj;https://github.com/rladies/meetup-presentations_baltimore/blob/master/meetup-presentations_baltimore.Rproj;file
20170115_rmarkdown;https://github.com/rladies/meetup-presentations_barcelona/tree/master/20170115_rmarkdown;dir
20170320_introtodplyrtidyr;https://github.com/rladies/meetup-presentations_barcelona/tree/master/20170320_introtodplyrtidyr;dir
20170424_rbokeh;https://github.com/rladies/meetup-presentations_barcelona/tree/master/20170424_rbokeh;dir
20170612_bioinformatics;https://github.com/rladies/meetup-presentations_barcelona/tree/master/20170612_bioinformatics;dir
20170927_ggplot2;https://github.com/rladies/meetup-presentations_barcelona/tree/master/20170927_ggplot2;dir
20190213_rladiesRelaunch;https://github.com/rladies/meetup-presentations_barcelona/tree/master/20190213_rladiesRelaunch;dir
20190328_introR;https://github.com/rladies/meetup-presentations_barcelona/tree/master/20190328_introR;dir
README.md;https://github.com/rladies/meetup-presentations_barcelona/blob/master/README.md;file
.gitignore;https://github.com/rladies/meetup-presentations_bari/blob/master/.gitignore;file
20181203_Kickoff;https://github.com/rladies/meetup-presentations_bari/tree/master/20181203_Kickoff;dir
201901 - Gen;https://github.com/rladies/meetup-presentations_bari/tree/master/201901%20-%20Gen;dir
201903 - Marzo;https://github.com/rladies/meetup-presentations_bari/tree/master/201903%20-%20Marzo;dir
201904 - Aprile;https://github.com/rladies/meetup-presentations_bari/tree/master/201904%20-%20Aprile;dir
201905 - Maggio;https://github.com/rladies/meetup-presentations_bari/tree/master/201905%20-%20Maggio;dir
201906 - Giugno;https://github.com/rladies/meetup-presentations_bari/tree/master/201906%20-%20Giugno;dir
201907 - Luglio;https://github.com/rladies/meetup-presentations_bari/tree/master/201907%20-%20Luglio;dir
202001 - Gennaio;https://github.com/rladies/meetup-presentations_bari/tree/master/202001%20-%20Gennaio;dir
202002 - Febbraio;https://github.com/rladies/meetup-presentations_bari/tree/master/202002%20-%20Febbraio;dir
Cattura.PNG;https://github.com/rladies/meetup-presentations_bari/blob/master/Cattura.PNG;file
Ci è dispiaciuto non vederti.txt;https://github.com/rladies/meetup-presentations_bari/blob/master/Ci%20%C3%A8%20dispiaciuto%20non%20vederti.txt;file
Evento 8 Marzo - Poliba;https://github.com/rladies/meetup-presentations_bari/tree/master/Evento%208%20Marzo%20-%20Poliba;dir
Invitation Letter R-Ladies Bari.docx;https://github.com/rladies/meetup-presentations_bari/blob/master/Invitation%20Letter%20R-Ladies%20Bari.docx;file
Invitation Letter R-Ladies Bari.pdf;https://github.com/rladies/meetup-presentations_bari/blob/master/Invitation%20Letter%20R-Ladies%20Bari.pdf;file
LookingForHost&Speakers.pdf;https://github.com/rladies/meetup-presentations_bari/blob/master/LookingForHost&Speakers.pdf;file
LookingForSpeakers.pdf;https://github.com/rladies/meetup-presentations_bari/blob/master/LookingForSpeakers.pdf;file
LookingForSpeakers.pptx;https://github.com/rladies/meetup-presentations_bari/blob/master/LookingForSpeakers.pptx;file
R-Ladies Bari, vi augura buone feste.jpg;https://github.com/rladies/meetup-presentations_bari/blob/master/R-Ladies%20Bari,%20vi%20augura%20buone%20feste.jpg;file
README.md;https://github.com/rladies/meetup-presentations_bari/blob/master/README.md;file
auguri-di-buon-natale-e-modelli-di-felice-anno-nuovo-2020-con-bellissimi-disegni-di-carta-tagliati-a-neve-e-inverno_38689-537.jpg;https://github.com/rladies/meetup-presentations_bari/blob/master/auguri-di-buon-natale-e-modelli-di-felice-anno-nuovo-2020-con-bellissimi-disegni-di-carta-tagliati-a-neve-e-inverno_38689-537.jpg;file
call for sp.PNG;https://github.com/rladies/meetup-presentations_bari/blob/master/call%20for%20sp.PNG;file
pngtree-happy-new-year-2020-merry-christmas-image_315057.jpg;https://github.com/rladies/meetup-presentations_bari/blob/master/pngtree-happy-new-year-2020-merry-christmas-image_315057.jpg;file
09062018_PrimeiroMeetup;https://github.com/rladies/meetup-presentations_belohorizonte/tree/master/09062018_PrimeiroMeetup;dir
10112018_SegundoMeetup;https://github.com/rladies/meetup-presentations_belohorizonte/tree/master/10112018_SegundoMeetup;dir
18052019_1ANO;https://github.com/rladies/meetup-presentations_belohorizonte/tree/master/18052019_1ANO;dir
Curso Básico - Introdução ao R;https://github.com/rladies/meetup-presentations_belohorizonte/tree/master/Curso%20B%C3%A1sico%20-%20Introdu%C3%A7%C3%A3o%20ao%20R;dir
README.md;https://github.com/rladies/meetup-presentations_belohorizonte/blob/master/README.md;file
.DS_Store;https://github.com/rladies/meetup-presentations_bergen/blob/master/.DS_Store;file
.gitignore;https://github.com/rladies/meetup-presentations_bergen/blob/master/.gitignore;file
2019-11-25_Kick-off_tutorial;https://github.com/rladies/meetup-presentations_bergen/tree/master/2019-11-25_Kick-off_tutorial;dir
2020-02-06_2ndMeeting;https://github.com/rladies/meetup-presentations_bergen/tree/master/2020-02-06_2ndMeeting;dir
R-Ladies-horiz-bergen.png;https://github.com/rladies/meetup-presentations_bergen/blob/master/R-Ladies-horiz-bergen.png;file
R-Ladies-horiz-bergen_cropped.png;https://github.com/rladies/meetup-presentations_bergen/blob/master/R-Ladies-horiz-bergen_cropped.png;file
R-Ladies-horiz-bergen_cropped_transp.png;https://github.com/rladies/meetup-presentations_bergen/blob/master/R-Ladies-horiz-bergen_cropped_transp.png;file
R-Ladies_bergen_poster.Rmd;https://github.com/rladies/meetup-presentations_bergen/blob/master/R-Ladies_bergen_poster.Rmd;file
R-Ladies_bergen_poster.pdf;https://github.com/rladies/meetup-presentations_bergen/blob/master/R-Ladies_bergen_poster.pdf;file
README.md;https://github.com/rladies/meetup-presentations_bergen/blob/master/README.md;file
cbu_logo_blue_transparent.png;https://github.com/rladies/meetup-presentations_bergen/blob/master/cbu_logo_blue_transparent.png;file
cbu_logo_lightBlue_transparent.png;https://github.com/rladies/meetup-presentations_bergen/blob/master/cbu_logo_lightBlue_transparent.png;file
kick-off-presentation.Rmd;https://github.com/rladies/meetup-presentations_bergen/blob/master/kick-off-presentation.Rmd;file
kick-off-presentation.html;https://github.com/rladies/meetup-presentations_bergen/blob/master/kick-off-presentation.html;file
.gitignore;https://github.com/rladies/meetup-presentations_berlin/blob/master/.gitignore;file
2016-12_KickOff_RLB;https://github.com/rladies/meetup-presentations_berlin/tree/master/2016-12_KickOff_RLB;dir
2017-01_Hands_on_datavis_ggplot2;https://github.com/rladies/meetup-presentations_berlin/tree/master/2017-01_Hands_on_datavis_ggplot2;dir
2017-05_DRYprogramming_dplyr;https://github.com/rladies/meetup-presentations_berlin/tree/master/2017-05_DRYprogramming_dplyr;dir
2017-06_R_meets_Journocode_Rmarkdown;https://github.com/rladies/meetup-presentations_berlin/tree/master/2017-06_R_meets_Journocode_Rmarkdown;dir
2017-08_OKlabBerlin;https://github.com/rladies/meetup-presentations_berlin/tree/master/2017-08_OKlabBerlin;dir
2017-09_EpidemicsConsortium;https://github.com/rladies/meetup-presentations_berlin/tree/master/2017-09_EpidemicsConsortium;dir
2017-11_ShinyDashboards;https://github.com/rladies/meetup-presentations_berlin/tree/master/2017-11_ShinyDashboards;dir
2018-02_Rprojects-and-Github;https://github.com/rladies/meetup-presentations_berlin/tree/master/2018-02_Rprojects-and-Github;dir
2018-03_Bootstrapping-with-R;https://github.com/rladies/meetup-presentations_berlin/tree/master/2018-03_Bootstrapping-with-R;dir
2018-04_Beauty_Rprogramming;https://github.com/rladies/meetup-presentations_berlin/tree/master/2018-04_Beauty_Rprogramming;dir
2018-05_Crawling_Twitter;https://github.com/rladies/meetup-presentations_berlin/tree/master/2018-05_Crawling_Twitter;dir
2018-07_Dive-dplyr;https://github.com/rladies/meetup-presentations_berlin/tree/master/2018-07_Dive-dplyr;dir
2018-10_survival;https://github.com/rladies/meetup-presentations_berlin/tree/master/2018-10_survival;dir
2018-11_Hands_on_training_Rpackages;https://github.com/rladies/meetup-presentations_berlin/tree/master/2018-11_Hands_on_training_Rpackages;dir
2019-02_Hands-on_Web_Scraping_with_Riva;https://github.com/rladies/meetup-presentations_berlin/tree/master/2019-02_Hands-on_Web_Scraping_with_Riva;dir
2019-03_Hands-on_Textmining_with_Alison;https://github.com/rladies/meetup-presentations_berlin/tree/master/2019-03_Hands-on_Textmining_with_Alison;dir
2019-05_Hands-on_blogdown_How_to_create_your_first_blog;https://github.com/rladies/meetup-presentations_berlin/tree/master/2019-05_Hands-on_blogdown_How_to_create_your_first_blog;dir
2019-06_Unleashing_the_power_of_biodiversity_data_with_Ciera;https://github.com/rladies/meetup-presentations_berlin/tree/master/2019-06_Unleashing_the_power_of_biodiversity_data_with_Ciera;dir
2019-08_Hands-on_Docker_Containers;https://github.com/rladies/meetup-presentations_berlin/tree/master/2019-08_Hands-on_Docker_Containers;dir
Installing_R_and_RStudio.pdf;https://github.com/rladies/meetup-presentations_berlin/blob/master/Installing_R_and_RStudio.pdf;file
README.md;https://github.com/rladies/meetup-presentations_berlin/blob/master/README.md;file
RethinkR;https://github.com/rladies/meetup-presentations_berlin/tree/master/RethinkR;dir
Boston_20170817_tidyeval_ppt.pdf;https://github.com/rladies/meetup-presentations_boston/blob/master/Boston_20170817_tidyeval_ppt.pdf;file
README.md;https://github.com/rladies/meetup-presentations_boston/blob/master/README.md;file
git_and_github_20181023.pdf;https://github.com/rladies/meetup-presentations_boston/blob/master/git_and_github_20181023.pdf;file
tidyr_ggplot2_short.pdf;https://github.com/rladies/meetup-presentations_boston/blob/master/tidyr_ggplot2_short.pdf;file
Meeting_1_R_Ladies_Boulder_Kickoff_Meeting;https://github.com/rladies/meetup-presentations_boulder/tree/master/Meeting_1_R_Ladies_Boulder_Kickoff_Meeting;dir
Meeting_4_Introduction_to_Building_R_Packages;https://github.com/rladies/meetup-presentations_boulder/tree/master/Meeting_4_Introduction_to_Building_R_Packages;dir
Meeting_6_Introduction_to_Shiny;https://github.com/rladies/meetup-presentations_boulder/tree/master/Meeting_6_Introduction_to_Shiny;dir
README.md;https://github.com/rladies/meetup-presentations_boulder/blob/master/README.md;file
2019;https://github.com/rladies/meetup-presentations_brisbane/tree/master/2019;dir
README.md;https://github.com/rladies/meetup-presentations_brisbane/blob/master/README.md;file
.gitignore;https://github.com/rladies/meetup-presentations_brussels/blob/master/.gitignore;file
01_Building_Shiny_apps_Dec17;https://github.com/rladies/meetup-presentations_brussels/tree/master/01_Building_Shiny_apps_Dec17;dir
02_DataScience_IntroTalks_Jan18;https://github.com/rladies/meetup-presentations_brussels/tree/master/02_DataScience_IntroTalks_Jan18;dir
03-GGplot2_Workshop_Mar18;https://github.com/rladies/meetup-presentations_brussels/tree/master/03-GGplot2_Workshop_Mar18;dir
04_Introd_Roxygen2_Lavaan_Apr18;https://github.com/rladies/meetup-presentations_brussels/tree/master/04_Introd_Roxygen2_Lavaan_Apr18;dir
05_rbeginners_Workshop_Jun18;https://github.com/rladies/meetup-presentations_brussels/tree/master/05_rbeginners_Workshop_Jun18;dir
06_API_Webscraping_Workshop_Sep18;https://github.com/rladies/meetup-presentations_brussels/tree/master/06_API_Webscraping_Workshop_Sep18;dir
07_Rbeginners2_Workshop_Oct18;https://github.com/rladies/meetup-presentations_brussels/tree/master/07_Rbeginners2_Workshop_Oct18;dir
README.md;https://github.com/rladies/meetup-presentations_brussels/blob/master/README.md;file
R_tutorials;https://github.com/rladies/meetup-presentations_brussels/tree/master/R_tutorials;dir
MCB_2019-11-02;https://github.com/rladies/meetup-presentations_bucharest/tree/master/MCB_2019-11-02;dir
Meetup_01_2019-09-17;https://github.com/rladies/meetup-presentations_bucharest/tree/master/Meetup_01_2019-09-17;dir
Meetup_02_2019-10-22;https://github.com/rladies/meetup-presentations_bucharest/tree/master/Meetup_02_2019-10-22;dir
Meetup_03_2019-11-26;https://github.com/rladies/meetup-presentations_bucharest/tree/master/Meetup_03_2019-11-26;dir
Meetup_04_2019-12-17;https://github.com/rladies/meetup-presentations_bucharest/tree/master/Meetup_04_2019-12-17;dir
Meetup_06_2020-02-11;https://github.com/rladies/meetup-presentations_bucharest/tree/master/Meetup_06_2020-02-11;dir
Meetup_07_2020-03-10;https://github.com/rladies/meetup-presentations_bucharest/tree/master/Meetup_07_2020-03-10;dir
README.html;https://github.com/rladies/meetup-presentations_bucharest/blob/master/README.html;file
README.md;https://github.com/rladies/meetup-presentations_bucharest/blob/master/README.md;file
Meetup_2017_02_16;https://github.com/rladies/meetup-presentations_budapest/tree/master/Meetup_2017_02_16;dir
Meetup_2017_03_23;https://github.com/rladies/meetup-presentations_budapest/tree/master/Meetup_2017_03_23;dir
Meetup_2017_04_19;https://github.com/rladies/meetup-presentations_budapest/tree/master/Meetup_2017_04_19;dir
Meetup_2017_05_17;https://github.com/rladies/meetup-presentations_budapest/tree/master/Meetup_2017_05_17;dir
Meetup_2017_06_21;https://github.com/rladies/meetup-presentations_budapest/tree/master/Meetup_2017_06_21;dir
Meetup_2017_09_21;https://github.com/rladies/meetup-presentations_budapest/tree/master/Meetup_2017_09_21;dir
Meetup_2017_10_30;https://github.com/rladies/meetup-presentations_budapest/tree/master/Meetup_2017_10_30;dir
Meetup_2017_11_21;https://github.com/rladies/meetup-presentations_budapest/tree/master/Meetup_2017_11_21;dir
Meetup_2017_12_12;https://github.com/rladies/meetup-presentations_budapest/tree/master/Meetup_2017_12_12;dir
Meetup_2018_01_31;https://github.com/rladies/meetup-presentations_budapest/tree/master/Meetup_2018_01_31;dir
Meetup_2018_02_26;https://github.com/rladies/meetup-presentations_budapest/tree/master/Meetup_2018_02_26;dir
Meetup_2018_03_09;https://github.com/rladies/meetup-presentations_budapest/tree/master/Meetup_2018_03_09;dir
Meetup_2018_05_16;https://github.com/rladies/meetup-presentations_budapest/tree/master/Meetup_2018_05_16;dir
Meetup_2018_06_26;https://github.com/rladies/meetup-presentations_budapest/tree/master/Meetup_2018_06_26;dir
Meetup_2019_01_21;https://github.com/rladies/meetup-presentations_budapest/tree/master/Meetup_2019_01_21;dir
Meetup_2019_02_18;https://github.com/rladies/meetup-presentations_budapest/tree/master/Meetup_2019_02_18;dir
Meetup_2019_03_28;https://github.com/rladies/meetup-presentations_budapest/tree/master/Meetup_2019_03_28;dir
Meetup_2019_04_29;https://github.com/rladies/meetup-presentations_budapest/tree/master/Meetup_2019_04_29;dir
Meetup_2019_05_30;https://github.com/rladies/meetup-presentations_budapest/tree/master/Meetup_2019_05_30;dir
Meetup_2019_10_29;https://github.com/rladies/meetup-presentations_budapest/tree/master/Meetup_2019_10_29;dir
Meetup_2019_12_03;https://github.com/rladies/meetup-presentations_budapest/tree/master/Meetup_2019_12_03;dir
README.md;https://github.com/rladies/meetup-presentations_budapest/blob/master/README.md;file
.gitignore;https://github.com/rladies/meetup-presentations_buenosaires/blob/master/.gitignore;file
2017-03-28-Primer-evento-de-R-Ladies-Buenos-Aires;https://github.com/rladies/meetup-presentations_buenosaires/tree/master/2017-03-28-Primer-evento-de-R-Ladies-Buenos-Aires;dir
2017-05-27-Segundo-evento-Taller-Ciencia-de-Datos;https://github.com/rladies/meetup-presentations_buenosaires/tree/master/2017-05-27-Segundo-evento-Taller-Ciencia-de-Datos;dir
2017-07-01-Tercer-evento-Aplicaciones-en-R;https://github.com/rladies/meetup-presentations_buenosaires/tree/master/2017-07-01-Tercer-evento-Aplicaciones-en-R;dir
2017-07-01-Tercer-evento-Taller-Ciencia-de-Datos-II;https://github.com/rladies/meetup-presentations_buenosaires/tree/master/2017-07-01-Tercer-evento-Taller-Ciencia-de-Datos-II;dir
2017-08-05 - Cuarto evento - Intro a Shiny;https://github.com/rladies/meetup-presentations_buenosaires/tree/master/2017-08-05%20-%20Cuarto%20evento%20-%20Intro%20a%20Shiny;dir
2017-08-05 - Cuarto evento - Taller de datos geograficos -parte 1;https://github.com/rladies/meetup-presentations_buenosaires/tree/master/2017-08-05%20-%20Cuarto%20evento%20-%20Taller%20de%20datos%20geograficos%20-parte%201;dir
2017-09-30 - Quinto evento - Taller de Shiny;https://github.com/rladies/meetup-presentations_buenosaires/tree/master/2017-09-30%20-%20Quinto%20evento%20-%20Taller%20de%20Shiny;dir
2017-11-25 - Sexto evento - Taller de RMarkdown;https://github.com/rladies/meetup-presentations_buenosaires/tree/master/2017-11-25%20-%20Sexto%20evento%20-%20Taller%20de%20RMarkdown;dir
2018-03-27 - Primer evento 2018;https://github.com/rladies/meetup-presentations_buenosaires/tree/master/2018-03-27%20-%20Primer%20evento%202018;dir
2018-05-19 - Segundo evento - R desde Cero;https://github.com/rladies/meetup-presentations_buenosaires/tree/master/2018-05-19%20-%20Segundo%20evento%20-%20R%20desde%20Cero;dir
2018-08-04 - De SPSS a R;https://github.com/rladies/meetup-presentations_buenosaires/tree/master/2018-08-04%20-%20De%20SPSS%20a%20R;dir
2018-12-03 - Taller de Blogdown;https://github.com/rladies/meetup-presentations_buenosaires/tree/master/2018-12-03%20-%20Taller%20de%20Blogdown;dir
2019-06-15-webscrapping-y-datos-meteorologicos;https://github.com/rladies/meetup-presentations_buenosaires/tree/master/2019-06-15-webscrapping-y-datos-meteorologicos;dir
2019-09-14-Git_Rstudio;https://github.com/rladies/meetup-presentations_buenosaires/tree/master/2019-09-14-Git_Rstudio;dir
2019-10-19-R_para_nerds;https://github.com/rladies/meetup-presentations_buenosaires/tree/master/2019-10-19-R_para_nerds;dir
Banner;https://github.com/rladies/meetup-presentations_buenosaires/tree/master/Banner;dir
Invitation_Letters;https://github.com/rladies/meetup-presentations_buenosaires/tree/master/Invitation_Letters;dir
Otros Eventos;https://github.com/rladies/meetup-presentations_buenosaires/tree/master/Otros%20Eventos;dir
README.md;https://github.com/rladies/meetup-presentations_buenosaires/blob/master/README.md;file
logos;https://github.com/rladies/meetup-presentations_buenosaires/tree/master/logos;dir
.gitignore;https://github.com/rladies/meetup-presentations_capetown/blob/master/.gitignore;file
2017-07_Launch_Event;https://github.com/rladies/meetup-presentations_capetown/tree/master/2017-07_Launch_Event;dir
2017-10-16_DataTransformation;https://github.com/rladies/meetup-presentations_capetown/tree/master/2017-10-16_DataTransformation;dir
2017-11-04_DataViz;https://github.com/rladies/meetup-presentations_capetown/tree/master/2017-11-04_DataViz;dir
2017-12-04_Regex;https://github.com/rladies/meetup-presentations_capetown/tree/master/2017-12-04_Regex;dir
2018-03-15_BlogsWithR;https://github.com/rladies/meetup-presentations_capetown/tree/master/2018-03-15_BlogsWithR;dir
2018-04-17_DockerForDataScience;https://github.com/rladies/meetup-presentations_capetown/tree/master/2018-04-17_DockerForDataScience;dir
2018-07-26_MapsWithggmap;https://github.com/rladies/meetup-presentations_capetown/tree/master/2018-07-26_MapsWithggmap;dir
README.md;https://github.com/rladies/meetup-presentations_capetown/blob/master/README.md;file
.gitignore;https://github.com/rladies/meetup-presentations_CDMX/blob/master/.gitignore;file
README.md;https://github.com/rladies/meetup-presentations_CDMX/blob/master/README.md;file
presentaciones;https://github.com/rladies/meetup-presentations_CDMX/tree/master/presentaciones;dir
.gitignore;https://github.com/rladies/meetup-presentations_charlottesville/blob/master/.gitignore;file
2017-11-14 RLadies Charlottesville Kickoff Meeting.pptx;https://github.com/rladies/meetup-presentations_charlottesville/blob/master/2017-11-14%20RLadies%20Charlottesville%20Kickoff%20Meeting.pptx;file
2017-12-05 Intro to R.Rmd;https://github.com/rladies/meetup-presentations_charlottesville/blob/master/2017-12-05%20Intro%20to%20R.Rmd;file
2017-12-05 Manipulating data wth dplyr.Rmd;https://github.com/rladies/meetup-presentations_charlottesville/blob/master/2017-12-05%20Manipulating%20data%20wth%20dplyr.Rmd;file
2018-01-25 Lightning_Talks.pptx;https://github.com/rladies/meetup-presentations_charlottesville/blob/master/2018-01-25%20Lightning_Talks.pptx;file
2018-02-22 Creating Websites with R and Hugo.pptx;https://github.com/rladies/meetup-presentations_charlottesville/blob/master/2018-02-22%20Creating%20Websites%20with%20R%20and%20Hugo.pptx;file
2018-05-01 Git and Github with R.pptx;https://github.com/rladies/meetup-presentations_charlottesville/blob/master/2018-05-01%20Git%20and%20Github%20with%20R.pptx;file
2018-07-02 R4DS Book Club.pptx;https://github.com/rladies/meetup-presentations_charlottesville/blob/master/2018-07-02%20R4DS%20Book%20Club.pptx;file
2018-07-02_R4DS_ visualization.Rmd;https://github.com/rladies/meetup-presentations_charlottesville/blob/master/2018-07-02_R4DS_%20visualization.Rmd;file
2018-07-05_R4DS_workflows.Rmd;https://github.com/rladies/meetup-presentations_charlottesville/blob/master/2018-07-05_R4DS_workflows.Rmd;file
2018-07-20_R4DS_transform.Rmd;https://github.com/rladies/meetup-presentations_charlottesville/blob/master/2018-07-20_R4DS_transform.Rmd;file
2018-08-23_R4DS_explore.Rmd;https://github.com/rladies/meetup-presentations_charlottesville/blob/master/2018-08-23_R4DS_explore.Rmd;file
2018-08-29_R4DS_tibbles.Rmd;https://github.com/rladies/meetup-presentations_charlottesville/blob/master/2018-08-29_R4DS_tibbles.Rmd;file
2018-11-27 Social_Media_Analysis.pdf;https://github.com/rladies/meetup-presentations_charlottesville/blob/master/2018-11-27%20Social_Media_Analysis.pdf;file
2019-08-27-R_Tutorial_RMarkdown_Tidyverse (3).pptx;https://github.com/rladies/meetup-presentations_charlottesville/blob/master/2019-08-27-R_Tutorial_RMarkdown_Tidyverse%20(3).pptx;file
2019-08-27_IntroTidyverse.R;https://github.com/rladies/meetup-presentations_charlottesville/blob/master/2019-08-27_IntroTidyverse.R;file
2019-08-27_RMarkdown.Rmd;https://github.com/rladies/meetup-presentations_charlottesville/blob/master/2019-08-27_RMarkdown.Rmd;file
Contributor_Code_of_Conduct.md;https://github.com/rladies/meetup-presentations_charlottesville/blob/master/Contributor_Code_of_Conduct.md;file
README.md;https://github.com/rladies/meetup-presentations_charlottesville/blob/master/README.md;file
README.md;https://github.com/rladies/meetup-presentations_chennai/blob/master/README.md;file
.gitignore;https://github.com/rladies/meetup-presentations_chicago/blob/master/.gitignore;file
README.md;https://github.com/rladies/meetup-presentations_chicago/blob/master/README.md;file
meetup-presentations_chicago.Rproj;https://github.com/rladies/meetup-presentations_chicago/blob/master/meetup-presentations_chicago.Rproj;file
20190222_rstudioconf2019;https://github.com/rladies/meetup-presentations_columbus/tree/master/20190222_rstudioconf2019;dir
20190314_ggplot2Vol2;https://github.com/rladies/meetup-presentations_columbus/tree/master/20190314_ggplot2Vol2;dir
20190815_useR2019_recap;https://github.com/rladies/meetup-presentations_columbus/tree/master/20190815_useR2019_recap;dir
README.md;https://github.com/rladies/meetup-presentations_columbus/blob/master/README.md;file
R-Ladies_taller_introduccion.pdf;https://github.com/rladies/meetup-presentations_cordoba/blob/master/R-Ladies_taller_introduccion.pdf;file
README.md;https://github.com/rladies/meetup-presentations_cordoba/blob/master/README.md;file
taller intro R.R;https://github.com/rladies/meetup-presentations_cordoba/blob/master/taller%20intro%20R.R;file
visualizacion de datos con ggplot2;https://github.com/rladies/meetup-presentations_cordoba/tree/master/visualizacion%20de%20datos%20con%20ggplot2;dir
README.md;https://github.com/rladies/meetup-presentations_curitiba/blob/master/README.md;file
meetup_16_06_2018;https://github.com/rladies/meetup-presentations_curitiba/tree/master/meetup_16_06_2018;dir
.gitignore;https://github.com/rladies/meetup-presentations_dc/blob/master/.gitignore;file
BlogdownNetlifyWorkshop-2017;https://github.com/rladies/meetup-presentations_dc/tree/master/BlogdownNetlifyWorkshop-2017;dir
GitHub-Workshop-2018;https://github.com/rladies/meetup-presentations_dc/tree/master/GitHub-Workshop-2018;dir
Lightning Talk_ Fear Setting.pdf;https://github.com/rladies/meetup-presentations_dc/blob/master/Lightning%20Talk_%20Fear%20Setting.pdf;file
NetworkingCrosswordPuzzle-2017;https://github.com/rladies/meetup-presentations_dc/tree/master/NetworkingCrosswordPuzzle-2017;dir
OpenDataMiniHack-2017;https://github.com/rladies/meetup-presentations_dc/tree/master/OpenDataMiniHack-2017;dir
Plumber-API-Workshop;https://github.com/rladies/meetup-presentations_dc/tree/master/Plumber-API-Workshop;dir
R-Ladies Fall 2018.pdf;https://github.com/rladies/meetup-presentations_dc/blob/master/R-Ladies%20Fall%202018.pdf;file
R-LadiesDC Intro Talk.pdf;https://github.com/rladies/meetup-presentations_dc/blob/master/R-LadiesDC%20Intro%20Talk.pdf;file
R-Ladies_ How To Be Lightning.pdf;https://github.com/rladies/meetup-presentations_dc/blob/master/R-Ladies_%20How%20To%20Be%20Lightning.pdf;file
README.md;https://github.com/rladies/meetup-presentations_dc/blob/master/README.md;file
RiseAndShiny;https://github.com/rladies/meetup-presentations_dc/tree/master/RiseAndShiny;dir
WIA-Conference-2018;https://github.com/rladies/meetup-presentations_dc/tree/master/WIA-Conference-2018;dir
_config.yml;https://github.com/rladies/meetup-presentations_dc/blob/master/_config.yml;file
beer-tasting-2019;https://github.com/rladies/meetup-presentations_dc/tree/master/beer-tasting-2019;dir
imgs;https://github.com/rladies/meetup-presentations_dc/tree/master/imgs;dir
.gitignore;https://github.com/rladies/meetup-presentations_dublin/blob/master/.gitignore;file
2017;https://github.com/rladies/meetup-presentations_dublin/tree/master/2017;dir
2018;https://github.com/rladies/meetup-presentations_dublin/tree/master/2018;dir
2019;https://github.com/rladies/meetup-presentations_dublin/tree/master/2019;dir
README.md;https://github.com/rladies/meetup-presentations_dublin/blob/master/README.md;file
.github;https://github.com/rladies/meetup-presentations_east-lansing/tree/master/.github;dir
.gitignore;https://github.com/rladies/meetup-presentations_east-lansing/blob/master/.gitignore;file
README.md;https://github.com/rladies/meetup-presentations_east-lansing/blob/master/README.md;file
_config.yml;https://github.com/rladies/meetup-presentations_east-lansing/blob/master/_config.yml;file
event-flyers;https://github.com/rladies/meetup-presentations_east-lansing/tree/master/event-flyers;dir
index.md;https://github.com/rladies/meetup-presentations_east-lansing/blob/master/index.md;file
member-qs;https://github.com/rladies/meetup-presentations_east-lansing/tree/master/member-qs;dir
presentations;https://github.com/rladies/meetup-presentations_east-lansing/tree/master/presentations;dir
README.md;https://github.com/rladies/meetup-presentations_el-paso/blob/master/README.md;file
getting-started.pdf;https://github.com/rladies/meetup-presentations_el-paso/blob/master/getting-started.pdf;file
index.html;https://github.com/rladies/meetup-presentations_el-paso/blob/master/index.html;file
index.md;https://github.com/rladies/meetup-presentations_el-paso/blob/master/index.md;file
marvel-wikia-data1.csv;https://github.com/rladies/meetup-presentations_el-paso/blob/master/marvel-wikia-data1.csv;file
reg_exp_tutorial_fin.R;https://github.com/rladies/meetup-presentations_el-paso/blob/master/reg_exp_tutorial_fin.R;file
README.md;https://github.com/rladies/meetup-presentations_eskisehir/blob/master/README.md;file
.gitignore;https://github.com/rladies/meetup-presentations_frankfurt/blob/master/.gitignore;file
2019-05-23_meetup02_introduction-tidyverse;https://github.com/rladies/meetup-presentations_frankfurt/tree/master/2019-05-23_meetup02_introduction-tidyverse;dir
2019-06-19_meetup03_data-visualization-ggplot2;https://github.com/rladies/meetup-presentations_frankfurt/tree/master/2019-06-19_meetup03_data-visualization-ggplot2;dir
2019-07-11_meetup04_code-together;https://github.com/rladies/meetup-presentations_frankfurt/tree/master/2019-07-11_meetup04_code-together;dir
2019-08-08_meetup05_code-together-part2;https://github.com/rladies/meetup-presentations_frankfurt/tree/master/2019-08-08_meetup05_code-together-part2;dir
2019-09-12_meetup06_git-github-gitkraken;https://github.com/rladies/meetup-presentations_frankfurt/tree/master/2019-09-12_meetup06_git-github-gitkraken;dir
2019-11-28_meetup07_linear-regression;https://github.com/rladies/meetup-presentations_frankfurt/tree/master/2019-11-28_meetup07_linear-regression;dir
README.md;https://github.com/rladies/meetup-presentations_frankfurt/blob/master/README.md;file
meetup-presentations_frankfurt.Rproj;https://github.com/rladies/meetup-presentations_frankfurt/blob/master/meetup-presentations_frankfurt.Rproj;file
2019-05-Starting off in R and R Studio;https://github.com/rladies/meetup-presentations_freiburg/tree/master/2019-05-Starting%20off%20in%20R%20and%20R%20Studio;dir
2019-06- Data tranformation and introduction to tidyverse;https://github.com/rladies/meetup-presentations_freiburg/tree/master/2019-06-%20Data%20tranformation%20and%20introduction%20to%20tidyverse;dir
2019-07-Data Wranling, Transformation and comunication;https://github.com/rladies/meetup-presentations_freiburg/tree/master/2019-07-Data%20Wranling,%20Transformation%20and%20comunication;dir
2019-08-Visualizing geographical data;https://github.com/rladies/meetup-presentations_freiburg/tree/master/2019-08-Visualizing%20geographical%20data;dir
2019-11-Modelling 2 - GLM, GLMM;https://github.com/rladies/meetup-presentations_freiburg/tree/master/2019-11-Modelling%202%20-%20GLM,%20GLMM;dir
2019-12-Modelling 3 - Machine learning;https://github.com/rladies/meetup-presentations_freiburg/tree/master/2019-12-Modelling%203%20-%20Machine%20learning;dir
2020-01- Twitter data analysis;https://github.com/rladies/meetup-presentations_freiburg/tree/master/2020-01-%20Twitter%20data%20analysis;dir
Thinking about data.zip;https://github.com/rladies/meetup-presentations_freiburg/blob/master/Thinking%20about%20data.zip;file
meetup-presentations_freiburg.Rproj;https://github.com/rladies/meetup-presentations_freiburg/blob/master/meetup-presentations_freiburg.Rproj;file
Documentos_Instalacion;https://github.com/rladies/meetup-presentations_galapagos-islands/tree/master/Documentos_Instalacion;dir
README.md;https://github.com/rladies/meetup-presentations_galapagos-islands/blob/master/README.md;file
Taller01_2020-03-09;https://github.com/rladies/meetup-presentations_galapagos-islands/tree/master/Taller01_2020-03-09;dir
README.md;https://github.com/rladies/meetup-presentations_general-pico/blob/master/README.md;file
README.md;https://github.com/rladies/meetup-presentations_guayaquil/blob/master/README.md;file
presentaciones;https://github.com/rladies/meetup-presentations_guayaquil/tree/master/presentaciones;dir
scripts;https://github.com/rladies/meetup-presentations_guayaquil/tree/master/scripts;dir
20200217_rmakdown.pdf;https://github.com/rladies/meetup-presentations_helsinki/blob/master/20200217_rmakdown.pdf;file
Devops_for_data_science.pdf;https://github.com/rladies/meetup-presentations_helsinki/blob/master/Devops_for_data_science.pdf;file
Genomics_datascience_20190314_Mars.pdf;https://github.com/rladies/meetup-presentations_helsinki/blob/master/Genomics_datascience_20190314_Mars.pdf;file
NLPwithR;https://github.com/rladies/meetup-presentations_helsinki/blob/master/NLPwithR;file
R-LadiesHelsinki_1stmeetup.pdf;https://github.com/rladies/meetup-presentations_helsinki/blob/master/R-LadiesHelsinki_1stmeetup.pdf;file
README.md;https://github.com/rladies/meetup-presentations_helsinki/blob/master/README.md;file
ggplot2;https://github.com/rladies/meetup-presentations_helsinki/blob/master/ggplot2;file
rladies_meetup_spread.R;https://github.com/rladies/meetup-presentations_helsinki/blob/master/rladies_meetup_spread.R;file
sharable_R_code_Kalimeri.md;https://github.com/rladies/meetup-presentations_helsinki/blob/master/sharable_R_code_Kalimeri.md;file
2019-01-30_Happy-Shiny-New-Year;https://github.com/rladies/meetup-presentations_irvine/tree/master/2019-01-30_Happy-Shiny-New-Year;dir
2019-03-14_Pi-Day;https://github.com/rladies/meetup-presentations_irvine/tree/master/2019-03-14_Pi-Day;dir
2019-04-09_Ethics-Of-Data-Science;https://github.com/rladies/meetup-presentations_irvine/tree/master/2019-04-09_Ethics-Of-Data-Science;dir
2019-05-20_DataFest-Celebration;https://github.com/rladies/meetup-presentations_irvine/tree/master/2019-05-20_DataFest-Celebration;dir
R-LadiesIrvine_FallKickoff_10022018;https://github.com/rladies/meetup-presentations_irvine/tree/master/R-LadiesIrvine_FallKickoff_10022018;dir
R-LadiesIrvine_Kickoff.pdf;https://github.com/rladies/meetup-presentations_irvine/blob/master/R-LadiesIrvine_Kickoff.pdf;file
R-LadiesIrvine_ggplot2_06272018;https://github.com/rladies/meetup-presentations_irvine/tree/master/R-LadiesIrvine_ggplot2_06272018;dir
R-LadiesIrvine_ggplot2_rmarkdown_11142018;https://github.com/rladies/meetup-presentations_irvine/tree/master/R-LadiesIrvine_ggplot2_rmarkdown_11142018;dir
R-LadiesIrvine_lightningtalks.pdf;https://github.com/rladies/meetup-presentations_irvine/blob/master/R-LadiesIrvine_lightningtalks.pdf;file
README.md;https://github.com/rladies/meetup-presentations_irvine/blob/master/README.md;file
20170930Rforbeginners.R;https://github.com/rladies/meetup-presentations_istanbul/blob/master/20170930Rforbeginners.R;file
20170930_RForbeginners.Rpres;https://github.com/rladies/meetup-presentations_istanbul/blob/master/20170930_RForbeginners.Rpres;file
20170930_RForbeginners.md;https://github.com/rladies/meetup-presentations_istanbul/blob/master/20170930_RForbeginners.md;file
20170930dataset.csv;https://github.com/rladies/meetup-presentations_istanbul/blob/master/20170930dataset.csv;file
20170930introtoStats.pptx;https://github.com/rladies/meetup-presentations_istanbul/blob/master/20170930introtoStats.pptx;file
20171028IntroDBSQLitewithR.R;https://github.com/rladies/meetup-presentations_istanbul/blob/master/20171028IntroDBSQLitewithR.R;file
20171028IntroDBSQLitewithR.Rmd;https://github.com/rladies/meetup-presentations_istanbul/blob/master/20171028IntroDBSQLitewithR.Rmd;file
20171028IntroDBSQLitewithR.html;https://github.com/rladies/meetup-presentations_istanbul/blob/master/20171028IntroDBSQLitewithR.html;file
20171028Introduction to Database Concepts&Using SQLite with R.pdf;https://github.com/rladies/meetup-presentations_istanbul/blob/master/20171028Introduction%20to%20Database%20Concepts&Using%20SQLite%20with%20R.pdf;file
20171028SqliteCode.txt;https://github.com/rladies/meetup-presentations_istanbul/blob/master/20171028SqliteCode.txt;file
20171028SqliteCommands.txt;https://github.com/rladies/meetup-presentations_istanbul/blob/master/20171028SqliteCommands.txt;file
20171125_ResearchMethods.Rmd;https://github.com/rladies/meetup-presentations_istanbul/blob/master/20171125_ResearchMethods.Rmd;file
20171125_ResearchMethods.html;https://github.com/rladies/meetup-presentations_istanbul/blob/master/20171125_ResearchMethods.html;file
20171125_ResearchMethods.zip;https://github.com/rladies/meetup-presentations_istanbul/blob/master/20171125_ResearchMethods.zip;file
20171216_WebScraping.Rmd;https://github.com/rladies/meetup-presentations_istanbul/blob/master/20171216_WebScraping.Rmd;file
20180106_UI_Shiny.zip;https://github.com/rladies/meetup-presentations_istanbul/blob/master/20180106_UI_Shiny.zip;file
20180217RegressionAnalysis.zip;https://github.com/rladies/meetup-presentations_istanbul/blob/master/20180217RegressionAnalysis.zip;file
20180609_Blogdown_SeasonFinal.pdf;https://github.com/rladies/meetup-presentations_istanbul/blob/master/20180609_Blogdown_SeasonFinal.pdf;file
20181117_VeriTabanlari.zip;https://github.com/rladies/meetup-presentations_istanbul/blob/master/20181117_VeriTabanlari.zip;file
20181222_ggplot2.R;https://github.com/rladies/meetup-presentations_istanbul/blob/master/20181222_ggplot2.R;file
20181222_ggplot2.Rmd;https://github.com/rladies/meetup-presentations_istanbul/blob/master/20181222_ggplot2.Rmd;file
20191012_TemelRveTidyverse.zip;https://github.com/rladies/meetup-presentations_istanbul/blob/master/20191012_TemelRveTidyverse.zip;file
20191123_SnAExampleStudy.pptx;https://github.com/rladies/meetup-presentations_istanbul/blob/master/20191123_SnAExampleStudy.pptx;file
20191123_SocialNetworkAnalysisNotes.Rmd;https://github.com/rladies/meetup-presentations_istanbul/blob/master/20191123_SocialNetworkAnalysisNotes.Rmd;file
20191228_ZamanSerileri.zip;https://github.com/rladies/meetup-presentations_istanbul/blob/master/20191228_ZamanSerileri.zip;file
20200223_ShinyWorkshop.zip;https://github.com/rladies/meetup-presentations_istanbul/blob/master/20200223_ShinyWorkshop.zip;file
20200223_Shiny_Workshop_images.zip;https://github.com/rladies/meetup-presentations_istanbul/blob/master/20200223_Shiny_Workshop_images.zip;file
LICENSE;https://github.com/rladies/meetup-presentations_istanbul/blob/master/LICENSE;file
README.md;https://github.com/rladies/meetup-presentations_istanbul/blob/master/README.md;file
_config.yml;https://github.com/rladies/meetup-presentations_istanbul/blob/master/_config.yml;file
Intro to R_rev.pdf;https://github.com/rladies/meetup-presentations_jakarta/blob/master/Intro%20to%20R_rev.pdf;file
Meet Up 1 Jakarta .Rmd;https://github.com/rladies/meetup-presentations_jakarta/blob/master/Meet%20Up%201%20Jakarta%20.Rmd;file
Module 1_Intro R.pdf;https://github.com/rladies/meetup-presentations_jakarta/blob/master/Module%201_Intro%20R.pdf;file
README.md;https://github.com/rladies/meetup-presentations_jakarta/blob/master/README.md;file
TextPrices.csv;https://github.com/rladies/meetup-presentations_jakarta/blob/master/TextPrices.csv;file
TextPrices.txt;https://github.com/rladies/meetup-presentations_jakarta/blob/master/TextPrices.txt;file
TitanicSurvival2.csv;https://github.com/rladies/meetup-presentations_jakarta/blob/master/TitanicSurvival2.csv;file
Traffic2.csv;https://github.com/rladies/meetup-presentations_jakarta/blob/master/Traffic2.csv;file
allbacks.csv;https://github.com/rladies/meetup-presentations_jakarta/blob/master/allbacks.csv;file
sticker_rladies.png;https://github.com/rladies/meetup-presentations_jakarta/blob/master/sticker_rladies.png;file
README.md;https://github.com/rladies/meetup-presentations_jozi/blob/master/README.md;file
Sept2019_make_pkg;https://github.com/rladies/meetup-presentations_jozi/tree/master/Sept2019_make_pkg;dir
aug-2018;https://github.com/rladies/meetup-presentations_jozi/tree/master/aug-2018;dir
feb2019;https://github.com/rladies/meetup-presentations_jozi/tree/master/feb2019;dir
july-2018;https://github.com/rladies/meetup-presentations_jozi/tree/master/july-2018;dir
july2019;https://github.com/rladies/meetup-presentations_jozi/tree/master/july2019;dir
may2019;https://github.com/rladies/meetup-presentations_jozi/tree/master/may2019;dir
nov2018;https://github.com/rladies/meetup-presentations_jozi/tree/master/nov2018;dir
nov2019;https://github.com/rladies/meetup-presentations_jozi/tree/master/nov2019;dir
sept2018;https://github.com/rladies/meetup-presentations_jozi/tree/master/sept2018;dir
README.md;https://github.com/rladies/meetup-presentations_kansas-city/blob/master/README.md;file
.gitignore;https://github.com/rladies/meetup-presentations_la/blob/master/.gitignore;file
2016-11-19-project-ideas;https://github.com/rladies/meetup-presentations_la/tree/master/2016-11-19-project-ideas;dir
2017-02-18-rmarkdown;https://github.com/rladies/meetup-presentations_la/tree/master/2017-02-18-rmarkdown;dir
2017-04-16-ggplot2;https://github.com/rladies/meetup-presentations_la/tree/master/2017-04-16-ggplot2;dir
2018-04-28-purrr;https://github.com/rladies/meetup-presentations_la/tree/master/2018-04-28-purrr;dir
2018-10-27 dirty data;https://github.com/rladies/meetup-presentations_la/tree/master/2018-10-27%20dirty%20data;dir
Functions.Rpres;https://github.com/rladies/meetup-presentations_la/blob/master/Functions.Rpres;file
README.md;https://github.com/rladies/meetup-presentations_la/blob/master/README.md;file
data-visualization.Rpres;https://github.com/rladies/meetup-presentations_la/blob/master/data-visualization.Rpres;file
.gitignore;https://github.com/rladies/meetup-presentations_lancaster/blob/master/.gitignore;file
2019-05-01-launch;https://github.com/rladies/meetup-presentations_lancaster/tree/master/2019-05-01-launch;dir
2019-06-05-data-transformation;https://github.com/rladies/meetup-presentations_lancaster/tree/master/2019-06-05-data-transformation;dir
2019-07-03-pretty-graphics;https://github.com/rladies/meetup-presentations_lancaster/tree/master/2019-07-03-pretty-graphics;dir
2019-09-04-tidy-data;https://github.com/rladies/meetup-presentations_lancaster/tree/master/2019-09-04-tidy-data;dir
2019-10-02-strings;https://github.com/rladies/meetup-presentations_lancaster/tree/master/2019-10-02-strings;dir
2019-11-06-lubridate;https://github.com/rladies/meetup-presentations_lancaster/tree/master/2019-11-06-lubridate;dir
2020-02-05-rmarkdown;https://github.com/rladies/meetup-presentations_lancaster/tree/master/2020-02-05-rmarkdown;dir
2020-03-04-shiny;https://github.com/rladies/meetup-presentations_lancaster/tree/master/2020-03-04-shiny;dir
README.md;https://github.com/rladies/meetup-presentations_lancaster/blob/master/README.md;file
_config.yml;https://github.com/rladies/meetup-presentations_lancaster/blob/master/_config.yml;file
admin;https://github.com/rladies/meetup-presentations_lancaster/tree/master/admin;dir
publicity;https://github.com/rladies/meetup-presentations_lancaster/tree/master/publicity;dir
.gitignore;https://github.com/rladies/meetup-presentations_lausanne/blob/master/.gitignore;file
20180201_kickoff;https://github.com/rladies/meetup-presentations_lausanne/tree/master/20180201_kickoff;dir
20180201_motivation;https://github.com/rladies/meetup-presentations_lausanne/tree/master/20180201_motivation;dir
20180314_shiny;https://github.com/rladies/meetup-presentations_lausanne/tree/master/20180314_shiny;dir
20180413_bayesian;https://github.com/rladies/meetup-presentations_lausanne/tree/master/20180413_bayesian;dir
20180607_thundeR;https://github.com/rladies/meetup-presentations_lausanne/tree/master/20180607_thundeR;dir
20181017_rmarkdown;https://github.com/rladies/meetup-presentations_lausanne/tree/master/20181017_rmarkdown;dir
20181210_thundeR;https://github.com/rladies/meetup-presentations_lausanne/tree/master/20181210_thundeR;dir
20190213_movie;https://github.com/rladies/meetup-presentations_lausanne/tree/master/20190213_movie;dir
20190320_eye;https://github.com/rladies/meetup-presentations_lausanne/tree/master/20190320_eye;dir
20190417_twitter;https://github.com/rladies/meetup-presentations_lausanne/tree/master/20190417_twitter;dir
20190516_infer;https://github.com/rladies/meetup-presentations_lausanne/tree/master/20190516_infer;dir
20190702_thundeR;https://github.com/rladies/meetup-presentations_lausanne/tree/master/20190702_thundeR;dir
20191203_tidyverse;https://github.com/rladies/meetup-presentations_lausanne/tree/master/20191203_tidyverse;dir
README.md;https://github.com/rladies/meetup-presentations_lausanne/blob/master/README.md;file
README_webpage.md;https://github.com/rladies/meetup-presentations_lausanne/blob/master/README_webpage.md;file
logo;https://github.com/rladies/meetup-presentations_lausanne/tree/master/logo;dir
misc;https://github.com/rladies/meetup-presentations_lausanne/tree/master/misc;dir
run_webpage.R;https://github.com/rladies/meetup-presentations_lausanne/blob/master/run_webpage.R;file
webpage;https://github.com/rladies/meetup-presentations_lausanne/tree/master/webpage;dir
.gitignore;https://github.com/rladies/meetup-presentations_leuven/blob/master/.gitignore;file
March_Classification.R;https://github.com/rladies/meetup-presentations_leuven/blob/master/March_Classification.R;file
README.md;https://github.com/rladies/meetup-presentations_leuven/blob/master/README.md;file
WorkshopMarch.pdf;https://github.com/rladies/meetup-presentations_leuven/blob/master/WorkshopMarch.pdf;file
WorkshopMarch.pptx;https://github.com/rladies/meetup-presentations_leuven/blob/master/WorkshopMarch.pptx;file
meetup-presentations_leuven.Rproj;https://github.com/rladies/meetup-presentations_leuven/blob/master/meetup-presentations_leuven.Rproj;file
.Rhistory;https://github.com/rladies/meetup-presentations_lima/blob/master/.Rhistory;file
20180131-RLadiesLima-Meetup1;https://github.com/rladies/meetup-presentations_lima/tree/master/20180131-RLadiesLima-Meetup1;dir
20180315-RLadiesLima-Meetup2;https://github.com/rladies/meetup-presentations_lima/tree/master/20180315-RLadiesLima-Meetup2;dir
20180427-RLadiesLima-Meetup3;https://github.com/rladies/meetup-presentations_lima/tree/master/20180427-RLadiesLima-Meetup3;dir
20181206-RLadiesLima-Meetup4;https://github.com/rladies/meetup-presentations_lima/tree/master/20181206-RLadiesLima-Meetup4;dir
20181218-RLadiesLima-Meetup5;https://github.com/rladies/meetup-presentations_lima/tree/master/20181218-RLadiesLima-Meetup5;dir
20190509-RLadiesLima-Meetup1;https://github.com/rladies/meetup-presentations_lima/tree/master/20190509-RLadiesLima-Meetup1;dir
20190904-RLadiesLima-Meetup2;https://github.com/rladies/meetup-presentations_lima/tree/master/20190904-RLadiesLima-Meetup2;dir
20200206-RLadiesLima-Meetup1;https://github.com/rladies/meetup-presentations_lima/tree/master/20200206-RLadiesLima-Meetup1;dir
README.md;https://github.com/rladies/meetup-presentations_lima/blob/master/README.md;file
README.md;https://github.com/rladies/meetup-presentations_linz/blob/master/README.md;file
.gitignore;https://github.com/rladies/meetup-presentations_lisbon/blob/master/.gitignore;file
README.md;https://github.com/rladies/meetup-presentations_lisbon/blob/master/README.md;file
.gitignore;https://github.com/rladies/meetup-presentations_london/blob/master/.gitignore;file
2016-03_Launch_Event;https://github.com/rladies/meetup-presentations_london/tree/master/2016-03_Launch_Event;dir
2016-03_Novice_Workshop;https://github.com/rladies/meetup-presentations_london/tree/master/2016-03_Novice_Workshop;dir
2016-04_Beginners_DropIn;https://github.com/rladies/meetup-presentations_london/tree/master/2016-04_Beginners_DropIn;dir
2016-04_DataTable_Workshop;https://github.com/rladies/meetup-presentations_london/tree/master/2016-04_DataTable_Workshop;dir
2016-05_Tour_de_R;https://github.com/rladies/meetup-presentations_london/tree/master/2016-05_Tour_de_R;dir
2016-06_June_Workshop;https://github.com/rladies/meetup-presentations_london/tree/master/2016-06_June_Workshop;dir
2016-08_DataDrivenMuseum_and_useR2016Review;https://github.com/rladies/meetup-presentations_london/tree/master/2016-08_DataDrivenMuseum_and_useR2016Review;dir
2016-09_Shiny;https://github.com/rladies/meetup-presentations_london/tree/master/2016-09_Shiny;dir
2016-10_Beginner_Dropin;https://github.com/rladies/meetup-presentations_london/tree/master/2016-10_Beginner_Dropin;dir
2016-12_R-Ladies_London_Review_2016;https://github.com/rladies/meetup-presentations_london/tree/master/2016-12_R-Ladies_London_Review_2016;dir
2017-01_Demystifying_Data_Science;https://github.com/rladies/meetup-presentations_london/tree/master/2017-01_Demystifying_Data_Science;dir
2017-03_DataScienceCV_and_useRParticipation;https://github.com/rladies/meetup-presentations_london/tree/master/2017-03_DataScienceCV_and_useRParticipation;dir
2017-04-26_Make_your_own_blog;https://github.com/rladies/meetup-presentations_london/tree/master/2017-04-26_Make_your_own_blog;dir
2017-04_Researchers_and_Students_workshop;https://github.com/rladies/meetup-presentations_london/tree/master/2017-04_Researchers_and_Students_workshop;dir
2017-10-19_R_from_scratch;https://github.com/rladies/meetup-presentations_london/tree/master/2017-10-19_R_from_scratch;dir
2017-11_Lightening_talks;https://github.com/rladies/meetup-presentations_london/tree/master/2017-11_Lightening_talks;dir
2018-02-21-R_from_scratch;https://github.com/rladies/meetup-presentations_london/tree/master/2018-02-21-R_from_scratch;dir
2018-03_Dive_into_dplyr;https://github.com/rladies/meetup-presentations_london/tree/master/2018-03_Dive_into_dplyr;dir
2018-04_Lightenting_talks;https://github.com/rladies/meetup-presentations_london/tree/master/2018-04_Lightenting_talks;dir
2018-07_Shiny_Dashboard_Workshop;https://github.com/rladies/meetup-presentations_london/tree/master/2018-07_Shiny_Dashboard_Workshop;dir
2018-11_Making_a_diff_open_source;https://github.com/rladies/meetup-presentations_london/tree/master/2018-11_Making_a_diff_open_source;dir
2019-05_Bioinformatics_MLinRegulation_datatable;https://github.com/rladies/meetup-presentations_london/tree/master/2019-05_Bioinformatics_MLinRegulation_datatable;dir
2019-07-R_in_Healthcare;https://github.com/rladies/meetup-presentations_london/tree/master/2019-07-R_in_Healthcare;dir
LICENSE;https://github.com/rladies/meetup-presentations_london/blob/master/LICENSE;file
README.md;https://github.com/rladies/meetup-presentations_london/blob/master/README.md;file
.DS_Store;https://github.com/rladies/meetup-presentations_london_ontario/blob/master/.DS_Store;file
.gitignore;https://github.com/rladies/meetup-presentations_london_ontario/blob/master/.gitignore;file
2017-03-04_Intro2RMarkdown;https://github.com/rladies/meetup-presentations_london_ontario/tree/master/2017-03-04_Intro2RMarkdown;dir
2017-04-03_DataViz;https://github.com/rladies/meetup-presentations_london_ontario/tree/master/2017-04-03_DataViz;dir
2017-05-01_Intro2R;https://github.com/rladies/meetup-presentations_london_ontario/tree/master/2017-05-01_Intro2R;dir
2017-06-01_3DGraphics;https://github.com/rladies/meetup-presentations_london_ontario/tree/master/2017-06-01_3DGraphics;dir
2017-06-19_DataManip-MultivarAnalysis;https://github.com/rladies/meetup-presentations_london_ontario/tree/master/2017-06-19_DataManip-MultivarAnalysis;dir
2017-07-07_SPSS2R;https://github.com/rladies/meetup-presentations_london_ontario/tree/master/2017-07-07_SPSS2R;dir
2017-10-03_Intro2R-RStudio;https://github.com/rladies/meetup-presentations_london_ontario/tree/master/2017-10-03_Intro2R-RStudio;dir
2017-11-07_Intro2RScripting;https://github.com/rladies/meetup-presentations_london_ontario/tree/master/2017-11-07_Intro2RScripting;dir
2017-12-05_regression;https://github.com/rladies/meetup-presentations_london_ontario/tree/master/2017-12-05_regression;dir
2018-01-30_lightningTalks;https://github.com/rladies/meetup-presentations_london_ontario/tree/master/2018-01-30_lightningTalks;dir
2018-03-06_rmarkdown;https://github.com/rladies/meetup-presentations_london_ontario/tree/master/2018-03-06_rmarkdown;dir
2018-04-03_Shiny;https://github.com/rladies/meetup-presentations_london_ontario/tree/master/2018-04-03_Shiny;dir
2018-05-29_industry;https://github.com/rladies/meetup-presentations_london_ontario/tree/master/2018-05-29_industry;dir
2018-06-26_OpenSci;https://github.com/rladies/meetup-presentations_london_ontario/tree/master/2018-06-26_OpenSci;dir
2018-09-25_Intro2R-RStudio;https://github.com/rladies/meetup-presentations_london_ontario/tree/master/2018-09-25_Intro2R-RStudio;dir
2018-10-25_ggplot;https://github.com/rladies/meetup-presentations_london_ontario/tree/master/2018-10-25_ggplot;dir
2018-11-29_SPSS2R;https://github.com/rladies/meetup-presentations_london_ontario/tree/master/2018-11-29_SPSS2R;dir
2019-03-28_ggmap;https://github.com/rladies/meetup-presentations_london_ontario/tree/master/2019-03-28_ggmap;dir
2019-04-25_dissertating;https://github.com/rladies/meetup-presentations_london_ontario/tree/master/2019-04-25_dissertating;dir
2019-05-20_exploration-cleaning;https://github.com/rladies/meetup-presentations_london_ontario/tree/master/2019-05-20_exploration-cleaning;dir
2019-10-01_Intro2R-RStudio;https://github.com/rladies/meetup-presentations_london_ontario/tree/master/2019-10-01_Intro2R-RStudio;dir
2019-11-12_DataViz;https://github.com/rladies/meetup-presentations_london_ontario/tree/master/2019-11-12_DataViz;dir
2019-12-03_exploration;https://github.com/rladies/meetup-presentations_london_ontario/tree/master/2019-12-03_exploration;dir
2020-01-14_rmarkdown;https://github.com/rladies/meetup-presentations_london_ontario/tree/master/2020-01-14_rmarkdown;dir
2020-02-11_shiny;https://github.com/rladies/meetup-presentations_london_ontario/tree/master/2020-02-11_shiny;dir
README.md;https://github.com/rladies/meetup-presentations_london_ontario/blob/master/README.md;file
README.md;https://github.com/rladies/meetup-presentations_loughborough/blob/master/README.md;file
Statistically_comparing_groups;https://github.com/rladies/meetup-presentations_loughborough/tree/master/Statistically_comparing_groups;dir
introduction_R_22-04-18;https://github.com/rladies/meetup-presentations_loughborough/tree/master/introduction_R_22-04-18;dir
introduction_tidyverse_16-04-18;https://github.com/rladies/meetup-presentations_loughborough/tree/master/introduction_tidyverse_16-04-18;dir
2019_02_What_R_we_doing_in_Cancer_Research;https://github.com/rladies/meetup-presentations_lyon/tree/master/2019_02_What_R_we_doing_in_Cancer_Research;dir
2019_04_Untidyverse_with_career_tips;https://github.com/rladies/meetup-presentations_lyon/tree/master/2019_04_Untidyverse_with_career_tips;dir
2019_11_dplyr_episode_9_rise_of_the_vctrs;https://github.com/rladies/meetup-presentations_lyon/tree/master/2019_11_dplyr_episode_9_rise_of_the_vctrs;dir
README.md;https://github.com/rladies/meetup-presentations_lyon/blob/master/README.md;file
.gitignore;https://github.com/rladies/meetup-presentations_madrid/blob/master/.gitignore;file
README.md;https://github.com/rladies/meetup-presentations_madrid/blob/master/README.md;file
madrid_20161024_first-presentation;https://github.com/rladies/meetup-presentations_madrid/tree/master/madrid_20161024_first-presentation;dir
madrid_20170225_r-finance;https://github.com/rladies/meetup-presentations_madrid/tree/master/madrid_20170225_r-finance;dir
madrid_20170503_api_periodismo_datos;https://github.com/rladies/meetup-presentations_madrid/tree/master/madrid_20170503_api_periodismo_datos;dir
madrid_20180525_Rmarkdown;https://github.com/rladies/meetup-presentations_madrid/tree/master/madrid_20180525_Rmarkdown;dir
madrid_20180525_public-research;https://github.com/rladies/meetup-presentations_madrid/tree/master/madrid_20180525_public-research;dir
madrid_20190312_flexdashboards;https://github.com/rladies/meetup-presentations_madrid/tree/master/madrid_20190312_flexdashboards;dir
madrid_20190415_global-graph-celebration-day;https://github.com/rladies/meetup-presentations_madrid/tree/master/madrid_20190415_global-graph-celebration-day;dir
madrid_2019_02_07_datatableIntro;https://github.com/rladies/meetup-presentations_madrid/tree/master/madrid_2019_02_07_datatableIntro;dir
santiago_20190907_xantardev;https://github.com/rladies/meetup-presentations_madrid/tree/master/santiago_20190907_xantardev;dir
.gitignore;https://github.com/rladies/meetup-presentations_manchester/blob/master/.gitignore;file
2019;https://github.com/rladies/meetup-presentations_manchester/tree/master/2019;dir
README.md;https://github.com/rladies/meetup-presentations_manchester/blob/master/README.md;file
archive;https://github.com/rladies/meetup-presentations_manchester/tree/master/archive;dir
docs;https://github.com/rladies/meetup-presentations_manchester/tree/master/docs;dir
images;https://github.com/rladies/meetup-presentations_manchester/tree/master/images;dir
.DS_Store;https://github.com/rladies/meetup-presentations_melbourne/blob/master/.DS_Store;file
.gitignore;https://github.com/rladies/meetup-presentations_melbourne/blob/master/.gitignore;file
README.Rmd;https://github.com/rladies/meetup-presentations_melbourne/blob/master/README.Rmd;file
README.md;https://github.com/rladies/meetup-presentations_melbourne/blob/master/README.md;file
README_files;https://github.com/rladies/meetup-presentations_melbourne/tree/master/README_files;dir
RLadiesMelbourne.Rproj;https://github.com/rladies/meetup-presentations_melbourne/blob/master/RLadiesMelbourne.Rproj;file
logo.png;https://github.com/rladies/meetup-presentations_melbourne/blob/master/logo.png;file
2018-04-13-primer-meetup;https://github.com/rladies/meetup-presentations_mendoza/tree/master/2018-04-13-primer-meetup;dir
2018-04-28-segundo-meetup-workshop;https://github.com/rladies/meetup-presentations_mendoza/tree/master/2018-04-28-segundo-meetup-workshop;dir
2018-11-29;https://github.com/rladies/meetup-presentations_mendoza/tree/master/2018-11-29;dir
2019-03-26;https://github.com/rladies/meetup-presentations_mendoza/tree/master/2019-03-26;dir
2019-04-27-flisol;https://github.com/rladies/meetup-presentations_mendoza/tree/master/2019-04-27-flisol;dir
2019-06-18-rmarkdown;https://github.com/rladies/meetup-presentations_mendoza/tree/master/2019-06-18-rmarkdown;dir
README.md;https://github.com/rladies/meetup-presentations_mendoza/blob/master/README.md;file
.gitignore;https://github.com/rladies/meetup-presentations_miami/blob/master/.gitignore;file
README.md;https://github.com/rladies/meetup-presentations_miami/blob/master/README.md;file
R-Ladies_Milan_kickoff.pdf;https://github.com/rladies/meetup-presentations_milan/blob/master/R-Ladies_Milan_kickoff.pdf;file
README.md;https://github.com/rladies/meetup-presentations_milan/blob/master/README.md;file
.gitignore;https://github.com/rladies/meetup-presentations_montenegro/blob/master/.gitignore;file
README.md;https://github.com/rladies/meetup-presentations_montenegro/blob/master/README.md;file
.gitignore;https://github.com/rladies/meetup-presentations_montevideo/blob/master/.gitignore;file
2017-08-30-kickoff;https://github.com/rladies/meetup-presentations_montevideo/tree/master/2017-08-30-kickoff;dir
2017-11-15-ggplot2;https://github.com/rladies/meetup-presentations_montevideo/tree/master/2017-11-15-ggplot2;dir
2017-12-13-Viz_genomics+NASADatanauts;https://github.com/rladies/meetup-presentations_montevideo/tree/master/2017-12-13-Viz_genomics%2BNASADatanauts;dir
2018-04-12-charlas;https://github.com/rladies/meetup-presentations_montevideo/tree/master/2018-04-12-charlas;dir
2018-06-07-rmarkdown;https://github.com/rladies/meetup-presentations_montevideo/tree/master/2018-06-07-rmarkdown;dir
2018-08-30-1er_año;https://github.com/rladies/meetup-presentations_montevideo/tree/master/2018-08-30-1er_an%CC%83o;dir
2018-08-30-1er_año;https://github.com/rladies/meetup-presentations_montevideo/tree/master/2018-08-30-1er_a%C3%B1o;dir
2018-10-23-tidyverse;https://github.com/rladies/meetup-presentations_montevideo/tree/master/2018-10-23-tidyverse;dir
2018-12-12;https://github.com/rladies/meetup-presentations_montevideo/tree/master/2018-12-12;dir
2019-05-29-shiny;https://github.com/rladies/meetup-presentations_montevideo/tree/master/2019-05-29-shiny;dir
2019-11-26-Edu;https://github.com/rladies/meetup-presentations_montevideo/tree/master/2019-11-26-Edu;dir
README.md;https://github.com/rladies/meetup-presentations_montevideo/blob/master/README.md;file
meetup-presentations_montevideo.Rproj;https://github.com/rladies/meetup-presentations_montevideo/blob/master/meetup-presentations_montevideo.Rproj;file
.gitignore;https://github.com/rladies/meetup-presentations_montreal/blob/master/.gitignore;file
.gitmodules;https://github.com/rladies/meetup-presentations_montreal/blob/master/.gitmodules;file
20180315_Kickoff;https://github.com/rladies/meetup-presentations_montreal/tree/master/20180315_Kickoff;dir
20180419_ggplot;https://github.com/rladies/meetup-presentations_montreal/tree/master/20180419_ggplot;dir
20180920_RLadies-welcome;https://github.com/rladies/meetup-presentations_montreal/tree/master/20180920_RLadies-welcome;dir
20181018_shiny;https://github.com/rladies/meetup-presentations_montreal/tree/master/20181018_shiny;dir
20181115_data-cleaning-social-network;https://github.com/rladies/meetup-presentations_montreal/tree/master/20181115_data-cleaning-social-network;dir
20190117_dplyr;https://github.com/rladies/meetup-presentations_montreal/tree/master/20190117_dplyr;dir
20190221_ML;https://github.com/rladies/meetup-presentations_montreal/tree/master/20190221_ML;dir
20190319_women-tech;https://github.com/rladies/meetup-presentations_montreal/tree/master/20190319_women-tech;dir
20190418_rladies-git-intro;https://github.com/cldougl/rladies-git-intro/tree/51807f9d8b5e4064ac1730ca03f3618931cbd853;file
20190620_Intro-To-R;https://github.com/rladies/meetup-presentations_montreal/tree/master/20190620_Intro-To-R;dir
20190919_DashR-Demo;https://github.com/rpkyle/rladies-mtl-demo/tree/e5bf56f1c9ed199806da5d6fb5ab0b07260a5ba5;file
20191121_dplyr-workshop;https://github.com/rladies/meetup-presentations_montreal/tree/master/20191121_dplyr-workshop;dir
20200116_portfolio-modelling;https://github.com/Scott-Clone/portfolio-modelling/tree/993f826eee0fec086201875b14ed0ac4d53c02e8;file
20200220_leaving-academia;https://github.com/rladies/meetup-presentations_montreal/tree/master/20200220_leaving-academia;dir
README.html;https://github.com/rladies/meetup-presentations_montreal/blob/master/README.html;file
README.md;https://github.com/rladies/meetup-presentations_montreal/blob/master/README.md;file
archived;https://github.com/rladies/meetup-presentations_montreal/tree/master/archived;dir
meetup-presentations_montreal.Rproj;https://github.com/rladies/meetup-presentations_montreal/blob/master/meetup-presentations_montreal.Rproj;file
.gitignore;https://github.com/rladies/meetup-presentations_munich/blob/master/.gitignore;file
README.md;https://github.com/rladies/meetup-presentations_munich/blob/master/README.md;file
.gitignore;https://github.com/rladies/meetup-presentations_nashville/blob/master/.gitignore;file
2016-11-07_kickoff-intro;https://github.com/rladies/meetup-presentations_nashville/tree/master/2016-11-07_kickoff-intro;dir
2016-12-06_data.tableWhereHaveYouBeen.ipynb;https://github.com/rladies/meetup-presentations_nashville/blob/master/2016-12-06_data.tableWhereHaveYouBeen.ipynb;file
2017-01-10_RResources.pdf;https://github.com/rladies/meetup-presentations_nashville/blob/master/2017-01-10_RResources.pdf;file
2017-03-21_intro_shiny;https://github.com/rladies/meetup-presentations_nashville/tree/master/2017-03-21_intro_shiny;dir
2017-09-12_pipes_and_gis;https://github.com/rladies/meetup-presentations_nashville/tree/master/2017-09-12_pipes_and_gis;dir
2017-11-13_intro_purrr;https://github.com/rladies/meetup-presentations_nashville/tree/master/2017-11-13_intro_purrr;dir
2017-12-07_snowflakes-and-data-cleaning;https://github.com/rladies/meetup-presentations_nashville/tree/master/2017-12-07_snowflakes-and-data-cleaning;dir
2018-12-10_datasci_workflows;https://github.com/rladies/meetup-presentations_nashville/tree/master/2018-12-10_datasci_workflows;dir
2019-09-16_r_package_development;https://github.com/rladies/meetup-presentations_nashville/tree/master/2019-09-16_r_package_development;dir
README.md;https://github.com/rladies/meetup-presentations_nashville/blob/master/README.md;file
Flyer2.jpg;https://github.com/rladies/meetup-presentations_natal/blob/master/Flyer2.jpg;file
PRECNEB.txt;https://github.com/rladies/meetup-presentations_natal/blob/master/PRECNEB.txt;file
R-Ladies-Natal_1stmeetup.pdf;https://github.com/rladies/meetup-presentations_natal/blob/master/R-Ladies-Natal_1stmeetup.pdf;file
R-Ladies_RulesGuidelines.pdf;https://github.com/rladies/meetup-presentations_natal/blob/master/R-Ladies_RulesGuidelines.pdf;file
README.md;https://github.com/rladies/meetup-presentations_natal/blob/master/README.md;file
Script 2Meetup;https://github.com/rladies/meetup-presentations_natal/blob/master/Script%202Meetup;file
TMEDNEB.txt;https://github.com/rladies/meetup-presentations_natal/blob/master/TMEDNEB.txt;file
URANEB.txt;https://github.com/rladies/meetup-presentations_natal/blob/master/URANEB.txt;file
estacao_saoluis_mensal.csv;https://github.com/rladies/meetup-presentations_natal/blob/master/estacao_saoluis_mensal.csv;file
script_minicurso_ladies.R;https://github.com/rladies/meetup-presentations_natal/blob/master/script_minicurso_ladies.R;file
README.md;https://github.com/rladies/meetup-presentations_newcastle/blob/master/README.md;file
meetup-presentations_newcastle.Rproj;https://github.com/rladies/meetup-presentations_newcastle/blob/master/meetup-presentations_newcastle.Rproj;file
presentations_and_talks;https://github.com/rladies/meetup-presentations_newcastle/tree/master/presentations_and_talks;dir
workshop_and_tutorials;https://github.com/rladies/meetup-presentations_newcastle/tree/master/workshop_and_tutorials;dir
.gitignore;https://github.com/rladies/meetup-presentations_newyork/blob/master/.gitignore;file
README.md;https://github.com/rladies/meetup-presentations_newyork/blob/master/README.md;file
RLadiesWorkshop20170817.pdf;https://github.com/rladies/meetup-presentations_newyork/blob/master/RLadiesWorkshop20170817.pdf;file
.gitignore;https://github.com/rladies/meetup-presentations_novi-sad/blob/master/.gitignore;file
Meetup Presentations;https://github.com/rladies/meetup-presentations_novi-sad/tree/master/Meetup%20Presentations;dir
README.md;https://github.com/rladies/meetup-presentations_novi-sad/blob/master/README.md;file
prvaFotka.jpg;https://github.com/rladies/meetup-presentations_novi-sad/blob/master/prvaFotka.jpg;file
titanic3.csv;https://github.com/rladies/meetup-presentations_novi-sad/blob/master/titanic3.csv;file
titanic3.txt;https://github.com/rladies/meetup-presentations_novi-sad/blob/master/titanic3.txt;file
titanic3.xls;https://github.com/rladies/meetup-presentations_novi-sad/blob/master/titanic3.xls;file
titanic3.xlsx;https://github.com/rladies/meetup-presentations_novi-sad/blob/master/titanic3.xlsx;file
2019-01-23_Workshop;https://github.com/rladies/meetup-presentations_orlando/tree/master/2019-01-23_Workshop;dir
R-Ladies-Orlando-Launch.pptx;https://github.com/rladies/meetup-presentations_orlando/blob/master/R-Ladies-Orlando-Launch.pptx;file
README.md;https://github.com/rladies/meetup-presentations_orlando/blob/master/README.md;file
SampleStudents.csv;https://github.com/rladies/meetup-presentations_orlando/blob/master/SampleStudents.csv;file
dplyr_2.pdf;https://github.com/rladies/meetup-presentations_orlando/blob/master/dplyr_2.pdf;file
dplyr_part1.R;https://github.com/rladies/meetup-presentations_orlando/blob/master/dplyr_part1.R;file
2018-04-23-external-images-to-plots;https://github.com/rladies/meetup-presentations_oslo/tree/master/2018-04-23-external-images-to-plots;dir
README.md;https://github.com/rladies/meetup-presentations_oslo/blob/master/README.md;file
bayesian-methods;https://github.com/rladies/meetup-presentations_oslo/tree/master/bayesian-methods;dir
data_tidying_Mo;https://github.com/rladies/meetup-presentations_oslo/tree/master/data_tidying_Mo;dir
launch-oslo;https://github.com/rladies/meetup-presentations_oslo/tree/master/launch-oslo;dir
rstudioConf2020;https://github.com/rladies/meetup-presentations_oslo/tree/master/rstudioConf2020;dir
shiny-workshop;https://github.com/rladies/meetup-presentations_oslo/tree/master/shiny-workshop;dir
topic_model;https://github.com/rladies/meetup-presentations_oslo/tree/master/topic_model;dir
.gitignore;https://github.com/rladies/meetup-presentations_paris/blob/master/.gitignore;file
README.md;https://github.com/rladies/meetup-presentations_paris/blob/master/README.md;file
2018_02;https://github.com/rladies/meetup-presentations_philadelphia/tree/master/2018_02;dir
2018_03;https://github.com/rladies/meetup-presentations_philadelphia/tree/master/2018_03;dir
2018_05;https://github.com/rladies/meetup-presentations_philadelphia/tree/master/2018_05;dir
2018_06;https://github.com/rladies/meetup-presentations_philadelphia/tree/master/2018_06;dir
2018_08;https://github.com/rladies/meetup-presentations_philadelphia/tree/master/2018_08;dir
2018_09;https://github.com/rladies/meetup-presentations_philadelphia/tree/master/2018_09;dir
2018_10_October.md;https://github.com/rladies/meetup-presentations_philadelphia/blob/master/2018_10_October.md;file
2018_11;https://github.com/rladies/meetup-presentations_philadelphia/tree/master/2018_11;dir
2018_12;https://github.com/rladies/meetup-presentations_philadelphia/tree/master/2018_12;dir
2019_01;https://github.com/rladies/meetup-presentations_philadelphia/tree/master/2019_01;dir
2019_04;https://github.com/rladies/meetup-presentations_philadelphia/tree/master/2019_04;dir
2019_06;https://github.com/rladies/meetup-presentations_philadelphia/tree/master/2019_06;dir
2019_07;https://github.com/rladies/meetup-presentations_philadelphia/tree/master/2019_07;dir
2019_09_September.md;https://github.com/rladies/meetup-presentations_philadelphia/blob/master/2019_09_September.md;file
2019_10;https://github.com/rladies/meetup-presentations_philadelphia/tree/master/2019_10;dir
2019_11;https://github.com/rladies/meetup-presentations_philadelphia/tree/master/2019_11;dir
2019_12_December.md;https://github.com/rladies/meetup-presentations_philadelphia/blob/master/2019_12_December.md;file
2020_01;https://github.com/rladies/meetup-presentations_philadelphia/tree/master/2020_01;dir
README.md;https://github.com/rladies/meetup-presentations_philadelphia/blob/master/README.md;file
.gitignore;https://github.com/rladies/meetup-presentations_portland/blob/master/.gitignore;file
README.md;https://github.com/rladies/meetup-presentations_portland/blob/master/README.md;file
README.md;https://github.com/rladies/meetup-presentations_puebla/blob/master/README.md;file
21Dec2019;https://github.com/rladies/meetup-presentations_pune/tree/master/21Dec2019;dir
22Feb2020;https://github.com/rladies/meetup-presentations_pune/tree/master/22Feb2020;dir
25Jan2020;https://github.com/rladies/meetup-presentations_pune/tree/master/25Jan2020;dir
README.md;https://github.com/rladies/meetup-presentations_pune/blob/master/README.md;file
2_MeetUp_01-2018;https://github.com/rladies/meetup-presentations_quito/tree/master/2_MeetUp_01-2018;dir
3_MeetUp_02-2018;https://github.com/rladies/meetup-presentations_quito/tree/master/3_MeetUp_02-2018;dir
README.md;https://github.com/rladies/meetup-presentations_quito/blob/master/README.md;file
Apresentacao_RLadiesRec.pdf;https://github.com/rladies/meetup-presentations_recife/blob/master/Apresentacao_RLadiesRec.pdf;file
README.md;https://github.com/rladies/meetup-presentations_recife/blob/master/README.md;file
README.md;https://github.com/rladies/meetup-presentations_rio/blob/master/README.md;file
README.md;https://github.com/rladies/meetup-presentations_riverside/blob/master/README.md;file
.gitignore;https://github.com/rladies/meetup-presentations_rotterdam/blob/master/.gitignore;file
How diversely do we read;https://github.com/rladies/meetup-presentations_rotterdam/tree/master/How%20diversely%20do%20we%20read;dir
How to use Blogdown;https://github.com/rladies/meetup-presentations_rotterdam/tree/master/How%20to%20use%20Blogdown;dir
Introduction R-Ladies Rotterdam;https://github.com/rladies/meetup-presentations_rotterdam/tree/master/Introduction%20R-Ladies%20Rotterdam;dir
Introduction dplyr;https://github.com/rladies/meetup-presentations_rotterdam/tree/master/Introduction%20dplyr;dir
Introduction git;https://github.com/rladies/meetup-presentations_rotterdam/tree/master/Introduction%20git;dir
Introduction tableone;https://github.com/rladies/meetup-presentations_rotterdam/tree/master/Introduction%20tableone;dir
README.html;https://github.com/rladies/meetup-presentations_rotterdam/blob/master/README.html;file
README.md;https://github.com/rladies/meetup-presentations_rotterdam/blob/master/README.md;file
Tidyverse special edition. Workshop;https://github.com/rladies/meetup-presentations_rotterdam/tree/master/Tidyverse%20special%20edition.%20Workshop;dir
Using R for my research;https://github.com/rladies/meetup-presentations_rotterdam/tree/master/Using%20R%20for%20my%20research;dir
Work happier - Project oriented workflow;https://github.com/rladies/meetup-presentations_rotterdam/tree/master/Work%20happier%20-%20Project%20oriented%20workflow;dir
meetup-presentations_rotterdam.Rproj;https://github.com/rladies/meetup-presentations_rotterdam/blob/master/meetup-presentations_rotterdam.Rproj;file
.gitignore;https://github.com/rladies/meetup-presentations_rtp/blob/master/.gitignore;file
2016-09-22-data-manipulation;https://github.com/rladies/meetup-presentations_rtp/tree/master/2016-09-22-data-manipulation;dir
2016-10-15-data-viz-ggplot2;https://github.com/rladies/meetup-presentations_rtp/tree/master/2016-10-15-data-viz-ggplot2;dir
2016-12-13-rmarkdown;https://github.com/rladies/meetup-presentations_rtp/tree/master/2016-12-13-rmarkdown;dir
2017-02-09-rgitgithub;https://github.com/rladies/meetup-presentations_rtp/tree/master/2017-02-09-rgitgithub;dir
2017-03-09-shiny;https://github.com/rladies/meetup-presentations_rtp/tree/master/2017-03-09-shiny;dir
2017-09-19-tibbles;https://github.com/rladies/meetup-presentations_rtp/tree/master/2017-09-19-tibbles;dir
2017-10-26-purrr;https://github.com/rladies/meetup-presentations_rtp/tree/master/2017-10-26-purrr;dir
2017-11-27-web-apis;https://github.com/rladies/meetup-presentations_rtp/tree/master/2017-11-27-web-apis;dir
2018-07-19-sf;https://github.com/rladies/meetup-presentations_rtp/tree/master/2018-07-19-sf;dir
2019-03-06-ggplot2;https://github.com/rladies/meetup-presentations_rtp/tree/master/2019-03-06-ggplot2;dir
2019-06-27-blogdown;https://github.com/rladies/meetup-presentations_rtp/tree/master/2019-06-27-blogdown;dir
2019-07-31-rmarkdown;https://github.com/rladies/meetup-presentations_rtp/tree/master/2019-07-31-rmarkdown;dir
2019-10-10-data-from-pdf;https://github.com/rladies/meetup-presentations_rtp/tree/master/2019-10-10-data-from-pdf;dir
CODEOFCONDUCT.md;https://github.com/rladies/meetup-presentations_rtp/blob/master/CODEOFCONDUCT.md;file
README.md;https://github.com/rladies/meetup-presentations_rtp/blob/master/README.md;file
meetup-presentations-rtp.Rproj;https://github.com/rladies/meetup-presentations_rtp/blob/master/meetup-presentations-rtp.Rproj;file
.DS_Store;https://github.com/rladies/meetup-presentations_sandiego/blob/master/.DS_Store;file
.gitignore;https://github.com/rladies/meetup-presentations_sandiego/blob/master/.gitignore;file
2017-07-13_rmarkdown;https://github.com/rladies/meetup-presentations_sandiego/tree/master/2017-07-13_rmarkdown;dir
2017-09-20_shiny;https://github.com/rladies/meetup-presentations_sandiego/tree/master/2017-09-20_shiny;dir
2017-11-21_lightningroundtalks;https://github.com/rladies/meetup-presentations_sandiego/tree/master/2017-11-21_lightningroundtalks;dir
2017-12-12_ggplot2maps;https://github.com/rladies/meetup-presentations_sandiego/tree/master/2017-12-12_ggplot2maps;dir
2018-03-27_uscensus;https://github.com/rladies/meetup-presentations_sandiego/tree/master/2018-03-27_uscensus;dir
2018-04-24_minihackathon;https://github.com/rladies/meetup-presentations_sandiego/tree/master/2018-04-24_minihackathon;dir
2018-07-05_blogdown;https://github.com/rladies/meetup-presentations_sandiego/tree/master/2018-07-05_blogdown;dir
2018-09-20_kaggle_titanic;https://github.com/rladies/meetup-presentations_sandiego/tree/master/2018-09-20_kaggle_titanic;dir
2018-10-23_web_scraping;https://github.com/rladies/meetup-presentations_sandiego/tree/master/2018-10-23_web_scraping;dir
2019-01-24_harassment_bias_hackathon;https://github.com/rladies/meetup-presentations_sandiego/tree/master/2019-01-24_harassment_bias_hackathon;dir
2019-02-28_love_song_sentiment_analysis;https://github.com/rladies/meetup-presentations_sandiego/tree/master/2019-02-28_love_song_sentiment_analysis;dir
2019-03-19_getting_job_data_science;https://github.com/rladies/meetup-presentations_sandiego/tree/master/2019-03-19_getting_job_data_science;dir
2019-05-28_Shiny-Katie;https://github.com/rladies/meetup-presentations_sandiego/tree/master/2019-05-28_Shiny-Katie;dir
2019-07-24_aRt-Viola;https://github.com/rladies/meetup-presentations_sandiego/tree/master/2019-07-24_aRt-Viola;dir
2020-01-29_AWS_Katie;https://github.com/rladies/meetup-presentations_sandiego/tree/master/2020-01-29_AWS_Katie;dir
book-club_r4ds;https://github.com/rladies/meetup-presentations_sandiego/tree/master/book-club_r4ds;dir
.github;https://github.com/rladies/meetup-presentations_sanfrancisco/tree/master/.github;dir
.gitignore;https://github.com/rladies/meetup-presentations_sanfrancisco/blob/master/.gitignore;file
2019-01-22_January-Lightning-Talks;https://github.com/rladies/meetup-presentations_sanfrancisco/tree/master/2019-01-22_January-Lightning-Talks;dir
2019-02-07_Friendly_introduction_to_writing_a_R-Package;https://github.com/rladies/meetup-presentations_sanfrancisco/tree/master/2019-02-07_Friendly_introduction_to_writing_a_R-Package;dir
2019-07-17_Bayesian_analysis_in_R_via_stan;https://github.com/rladies/meetup-presentations_sanfrancisco/tree/master/2019-07-17_Bayesian_analysis_in_R_via_stan;dir
2019-07-17_using_python_from_R;https://github.com/rladies/meetup-presentations_sanfrancisco/tree/master/2019-07-17_using_python_from_R;dir
README.md;https://github.com/rladies/meetup-presentations_sanfrancisco/blob/master/README.md;file
Speaker Details;https://github.com/rladies/meetup-presentations_sanfrancisco/tree/master/Speaker%20Details;dir
worskhop-series;https://github.com/rladies/meetup-presentations_sanfrancisco/tree/master/worskhop-series;dir
.gitignore;https://github.com/rladies/meetup-presentations_sanjose/blob/master/.gitignore;file
README.md;https://github.com/rladies/meetup-presentations_sanjose/blob/master/README.md;file
.gitignore;https://github.com/rladies/meetup-presentations_santabarbara/blob/gh-pages/.gitignore;file
2018_04_10_kickoff;https://github.com/rladies/meetup-presentations_santabarbara/tree/gh-pages/2018_04_10_kickoff;dir
2018_05_31_lightningtalks;https://github.com/rladies/meetup-presentations_santabarbara/tree/gh-pages/2018_05_31_lightningtalks;dir
2018_08_22_mobprogramming;https://github.com/rladies/meetup-presentations_santabarbara/tree/gh-pages/2018_08_22_mobprogramming;dir
2018_11_30_special_guest_jenny_bryan;https://github.com/rladies/meetup-presentations_santabarbara/tree/gh-pages/2018_11_30_special_guest_jenny_bryan;dir
2019_03_14_streamlined_workflows;https://github.com/rladies/meetup-presentations_santabarbara/tree/gh-pages/2019_03_14_streamlined_workflows;dir
2019_05_15_intro_to_tidyverse;https://github.com/rladies/meetup-presentations_santabarbara/tree/gh-pages/2019_05_15_intro_to_tidyverse;dir
2019_10_30_shiny_basics;https://github.com/rladies/meetup-presentations_santabarbara/tree/gh-pages/2019_10_30_shiny_basics;dir
LICENSE;https://github.com/rladies/meetup-presentations_santabarbara/blob/gh-pages/LICENSE;file
README.md;https://github.com/rladies/meetup-presentations_santabarbara/blob/gh-pages/README.md;file
meetup-presentations_santabarbara.Rproj;https://github.com/rladies/meetup-presentations_santabarbara/blob/gh-pages/meetup-presentations_santabarbara.Rproj;file
README.md;https://github.com/rladies/meetup-presentations_santafe/blob/master/README.md;file
eventos;https://github.com/rladies/meetup-presentations_santafe/tree/master/eventos;dir
recursos;https://github.com/rladies/meetup-presentations_santafe/tree/master/recursos;dir
AgroMineriadeDatosITES.ppt;https://github.com/rladies/meetup-presentations_santarosa/blob/master/AgroMineriadeDatosITES.ppt;file
AgroTICS.ppt;https://github.com/rladies/meetup-presentations_santarosa/blob/master/AgroTICS.ppt;file
R-Ladies - Presentación modelos mixtos_ITES.pptx;https://github.com/rladies/meetup-presentations_santarosa/blob/master/R-Ladies%20-%20Presentaci%C3%B3n%20modelos%20mixtos_ITES.pptx;file
R-Ladies-Entrevista-ElFaro.mp3;https://github.com/rladies/meetup-presentations_santarosa/blob/master/R-Ladies-Entrevista-ElFaro.mp3;file
R-LadiesPampaSeg.pptx;https://github.com/rladies/meetup-presentations_santarosa/blob/master/R-LadiesPampaSeg.pptx;file
README.md;https://github.com/rladies/meetup-presentations_santarosa/blob/master/README.md;file
RLadies_AgroInformatica.pdf;https://github.com/rladies/meetup-presentations_santarosa/blob/master/RLadies_AgroInformatica.pdf;file
RLadies_AgroInformatica_2018.pptx;https://github.com/rladies/meetup-presentations_santarosa/blob/master/RLadies_AgroInformatica_2018.pptx;file
RLadies_ITES_Junio2017.pptx;https://github.com/rladies/meetup-presentations_santarosa/blob/master/RLadies_ITES_Junio2017.pptx;file
RdesdeCero;https://github.com/rladies/meetup-presentations_santarosa/tree/master/RdesdeCero;dir
TallerRMarkdown;https://github.com/rladies/meetup-presentations_santarosa/tree/master/TallerRMarkdown;dir
photos;https://github.com/rladies/meetup-presentations_santarosa/tree/master/photos;dir
Meetup;https://github.com/rladies/meetup-presentations_santiago/tree/master/Meetup;dir
README.md;https://github.com/rladies/meetup-presentations_santiago/blob/master/README.md;file
README.md;https://github.com/rladies/meetup-presentations_sao-paulo/blob/master/README.md;file
pdf_presentations;https://github.com/rladies/meetup-presentations_sao-paulo/tree/master/pdf_presentations;dir
.gitignore;https://github.com/rladies/meetup-presentations_sarasota/blob/master/.gitignore;file
2018_01_08_inaugural;https://github.com/rladies/meetup-presentations_sarasota/tree/master/2018_01_08_inaugural;dir
2018_01_29_intro_R;https://github.com/rladies/meetup-presentations_sarasota/tree/master/2018_01_29_intro_R;dir
2018_03_18_Data_Wrangling_in_R;https://github.com/rladies/meetup-presentations_sarasota/tree/master/2018_03_18_Data_Wrangling_in_R;dir
2018_03_26_Data_Viz_ggplot2;https://github.com/rladies/meetup-presentations_sarasota/tree/master/2018_03_26_Data_Viz_ggplot2;dir
README.md;https://github.com/rladies/meetup-presentations_sarasota/blob/master/README.md;file
desktop.ini;https://github.com/rladies/meetup-presentations_sarasota/blob/master/desktop.ini;file
intro_r.Rmd;https://github.com/rladies/meetup-presentations_sarasota/blob/master/intro_r.Rmd;file
meetup-presentations_sarasota.Rproj;https://github.com/rladies/meetup-presentations_sarasota/blob/master/meetup-presentations_sarasota.Rproj;file
README.md;https://github.com/rladies/meetup-presentations_stlouis/blob/master/README.md;file
Getting Started with Shiny.pptx;https://github.com/rladies/meetup-presentations_stockholm/blob/master/Getting%20Started%20with%20Shiny.pptx;file
Getting Started with Shiny.zip;https://github.com/rladies/meetup-presentations_stockholm/blob/master/Getting%20Started%20with%20Shiny.zip;file
Ggplot2.zip;https://github.com/rladies/meetup-presentations_stockholm/blob/master/Ggplot2.zip;file
Intro to R-Ladies_ada_2019.pdf;https://github.com/rladies/meetup-presentations_stockholm/blob/master/Intro%20to%20R-Ladies_ada_2019.pdf;file
Intro to R.zip;https://github.com/rladies/meetup-presentations_stockholm/blob/master/Intro%20to%20R.zip;file
On the Class Imbalance Problem.pdf;https://github.com/rladies/meetup-presentations_stockholm/blob/master/On%20the%20Class%20Imbalance%20Problem.pdf;file
Pres_Rladies_Aminata.zip;https://github.com/rladies/meetup-presentations_stockholm/blob/master/Pres_Rladies_Aminata.zip;file
R-Ladies_STHLM_ cleaning_data_in_R_ 20180919.pdf;https://github.com/rladies/meetup-presentations_stockholm/blob/master/R-Ladies_STHLM_%20cleaning_data_in_R_%2020180919.pdf;file
R-Ladies_caret_20190205.Rmd;https://github.com/rladies/meetup-presentations_stockholm/blob/master/R-Ladies_caret_20190205.Rmd;file
R-Ladies_caret_20190205.docx;https://github.com/rladies/meetup-presentations_stockholm/blob/master/R-Ladies_caret_20190205.docx;file
README.md;https://github.com/rladies/meetup-presentations_stockholm/blob/master/README.md;file
R_Ladies_introductionToML(1).pdf;https://github.com/rladies/meetup-presentations_stockholm/blob/master/R_Ladies_introductionToML(1).pdf;file
R_ladies_20190218.R;https://github.com/rladies/meetup-presentations_stockholm/blob/master/R_ladies_20190218.R;file
Rmarkdown.zip;https://github.com/rladies/meetup-presentations_stockholm/blob/master/Rmarkdown.zip;file
Shiny ada conference.pdf;https://github.com/rladies/meetup-presentations_stockholm/blob/master/Shiny%20ada%20conference.pdf;file
Supervised_classification.pdf;https://github.com/rladies/meetup-presentations_stockholm/blob/master/Supervised_classification.pdf;file
sim_dat.Rdata;https://github.com/rladies/meetup-presentations_stockholm/blob/master/sim_dat.Rdata;file
.gitignore;https://github.com/rladies/meetup-presentations_strasbourg/blob/master/.gitignore;file
README.md;https://github.com/rladies/meetup-presentations_strasbourg/blob/master/README.md;file
.gitignore;https://github.com/rladies/meetup-presentations_taipei/blob/master/.gitignore;file
README.md;https://github.com/rladies/meetup-presentations_taipei/blob/master/README.md;file
R Ladies Beginners December 2019.pptx;https://github.com/rladies/meetup-presentations_tampa/blob/master/R%20Ladies%20Beginners%20December%202019.pptx;file
R Ladies GitHub Presentation.pptx;https://github.com/rladies/meetup-presentations_tampa/blob/master/R%20Ladies%20GitHub%20Presentation.pptx;file
R Markdown Tutorial - June 2019 PPoint.pptx;https://github.com/rladies/meetup-presentations_tampa/blob/master/R%20Markdown%20Tutorial%20-%20June%202019%20PPoint.pptx;file
README.md;https://github.com/rladies/meetup-presentations_tampa/blob/master/README.md;file
2016_12_13_1_Launch;https://github.com/rladies/meetup-presentations_tbilisi/tree/master/2016_12_13_1_Launch;dir
2016_12_13_2_read_handle_data;https://github.com/rladies/meetup-presentations_tbilisi/tree/master/2016_12_13_2_read_handle_data;dir
2016_12_22_3_data_types;https://github.com/rladies/meetup-presentations_tbilisi/tree/master/2016_12_22_3_data_types;dir
2017_01_26_5_dataviz;https://github.com/rladies/meetup-presentations_tbilisi/tree/master/2017_01_26_5_dataviz;dir
2017_02_09_6_scraping_data;https://github.com/rladies/meetup-presentations_tbilisi/tree/master/2017_02_09_6_scraping_data;dir
2017_02_23_7_Ttests;https://github.com/rladies/meetup-presentations_tbilisi/tree/master/2017_02_23_7_Ttests;dir
2017_03_09_8_Linear_Regression;https://github.com/rladies/meetup-presentations_tbilisi/tree/master/2017_03_09_8_Linear_Regression;dir
2017_03_14_9_Plotting;https://github.com/rladies/meetup-presentations_tbilisi/tree/master/2017_03_14_9_Plotting;dir
2017_03_16_10_Mapping_Georgia;https://github.com/rladies/meetup-presentations_tbilisi/tree/master/2017_03_16_10_Mapping_Georgia;dir
2017_04_06_Beginners;https://github.com/rladies/meetup-presentations_tbilisi/tree/master/2017_04_06_Beginners;dir
2017_04_10_Creating - exploring data;https://github.com/rladies/meetup-presentations_tbilisi/tree/master/2017_04_10_Creating%20-%20exploring%20data;dir
2017_04_11_Data_manipulation;https://github.com/rladies/meetup-presentations_tbilisi/tree/master/2017_04_11_Data_manipulation;dir
2017_04_12_shiny;https://github.com/rladies/meetup-presentations_tbilisi/tree/master/2017_04_12_shiny;dir
2017_05_16_Regressions;https://github.com/rladies/meetup-presentations_tbilisi/tree/master/2017_05_16_Regressions;dir
2017_05_16_whyr;https://github.com/rladies/meetup-presentations_tbilisi/tree/master/2017_05_16_whyr;dir
2017_05_22_looping;https://github.com/rladies/meetup-presentations_tbilisi/tree/master/2017_05_22_looping;dir
2017_05_24_Scraping;https://github.com/rladies/meetup-presentations_tbilisi/tree/master/2017_05_24_Scraping;dir
2017_06_05_election_polling;https://github.com/rladies/meetup-presentations_tbilisi/tree/master/2017_06_05_election_polling;dir
2017_06_08_string_manipulation;https://github.com/rladies/meetup-presentations_tbilisi/tree/master/2017_06_08_string_manipulation;dir
2017_06_20_extracting_facebook;https://github.com/rladies/meetup-presentations_tbilisi/tree/master/2017_06_20_extracting_facebook;dir
2017_06_28_Time_series;https://github.com/rladies/meetup-presentations_tbilisi/tree/master/2017_06_28_Time_series;dir
2017_10_04_RMarkdown;https://github.com/rladies/meetup-presentations_tbilisi/tree/master/2017_10_04_RMarkdown;dir
2017_10_18_Shiny;https://github.com/rladies/meetup-presentations_tbilisi/tree/master/2017_10_18_Shiny;dir
2017_10_23_Machine_learning;https://github.com/rladies/meetup-presentations_tbilisi/tree/master/2017_10_23_Machine_learning;dir
2017_11_04_CapeTown_dataviz;https://github.com/rladies/meetup-presentations_tbilisi/tree/master/2017_11_04_CapeTown_dataviz;dir
2017_11_22_package_development;https://github.com/rladies/meetup-presentations_tbilisi/tree/master/2017_11_22_package_development;dir
2017_12_14_datatypes_dplyr;https://github.com/rladies/meetup-presentations_tbilisi/tree/master/2017_12_14_datatypes_dplyr;dir
2017_12_21_operators_conditional_loops;https://github.com/rladies/meetup-presentations_tbilisi/tree/master/2017_12_21_operators_conditional_loops;dir
2017_Fall_Workshop;https://github.com/rladies/meetup-presentations_tbilisi/tree/master/2017_Fall_Workshop;dir
2018_02_13_CaucasusBarometer;https://github.com/rladies/meetup-presentations_tbilisi/tree/master/2018_02_13_CaucasusBarometer;dir
2018_05_23_Beginners;https://github.com/rladies/meetup-presentations_tbilisi/tree/master/2018_05_23_Beginners;dir
2018_Winter_Spring_Beginners;https://github.com/rladies/meetup-presentations_tbilisi/tree/master/2018_Winter_Spring_Beginners;dir
2019_11_13_sheets;https://github.com/rladies/meetup-presentations_tbilisi/tree/master/2019_11_13_sheets;dir
2019_Beginners;https://github.com/rladies/meetup-presentations_tbilisi/tree/master/2019_Beginners;dir
2020_Beginners;https://github.com/rladies/meetup-presentations_tbilisi/tree/master/2020_Beginners;dir
CB2015_EN_Questionnaire (6).pdf;https://github.com/rladies/meetup-presentations_tbilisi/blob/master/CB2015_EN_Questionnaire%20(6).pdf;file
Data_Wrangling;https://github.com/rladies/meetup-presentations_tbilisi/tree/master/Data_Wrangling;dir
Machine_Learning;https://github.com/rladies/meetup-presentations_tbilisi/tree/master/Machine_Learning;dir
Operators in R.docx;https://github.com/rladies/meetup-presentations_tbilisi/blob/master/Operators%20in%20R.docx;file
README.md;https://github.com/rladies/meetup-presentations_tbilisi/blob/master/README.md;file
RMarkdown;https://github.com/rladies/meetup-presentations_tbilisi/tree/master/RMarkdown;dir
Survival;https://github.com/rladies/meetup-presentations_tbilisi/tree/master/Survival;dir
TI_2016_EN_Questionnaire.pdf;https://github.com/rladies/meetup-presentations_tbilisi/blob/master/TI_2016_EN_Questionnaire.pdf;file
TI_2016_KA_Questionnaire.pdf;https://github.com/rladies/meetup-presentations_tbilisi/blob/master/TI_2016_KA_Questionnaire.pdf;file
TI_2016_only_responses_25042016.sav;https://github.com/rladies/meetup-presentations_tbilisi/blob/master/TI_2016_only_responses_25042016.sav;file
Website;https://github.com/rladies/meetup-presentations_tbilisi/tree/master/Website;dir
ana_api;https://github.com/rladies/meetup-presentations_tbilisi/tree/master/ana_api;dir
r_package_nutsa;https://github.com/rladies/meetup-presentations_tbilisi/tree/master/r_package_nutsa;dir
.gitignore;https://github.com/rladies/meetup-presentations_toronto/blob/master/.gitignore;file
2019-03-05;https://github.com/rladies/meetup-presentations_toronto/tree/master/2019-03-05;dir
2019-06-18;https://github.com/rladies/meetup-presentations_toronto/tree/master/2019-06-18;dir
2019-07-18;https://github.com/rladies/meetup-presentations_toronto/tree/master/2019-07-18;dir
2019-10-05;https://github.com/rladies/meetup-presentations_toronto/tree/master/2019-10-05;dir
README.md;https://github.com/rladies/meetup-presentations_toronto/blob/master/README.md;file
meetup-presentations_toronto.Rproj;https://github.com/rladies/meetup-presentations_toronto/blob/master/meetup-presentations_toronto.Rproj;file
.gitignore;https://github.com/rladies/meetup-presentations_twincities/blob/master/.gitignore;file
README.md;https://github.com/rladies/meetup-presentations_twincities/blob/master/README.md;file
README.md;https://github.com/rladies/meetup-presentations_ushuaia/blob/master/README.md;file
README.md;https://github.com/rladies/meetup-presentations_utrecht/blob/master/README.md;file
.gitignore;https://github.com/rladies/meetup-presentations_vancouver/blob/master/.gitignore;file
README.md;https://github.com/rladies/meetup-presentations_vancouver/blob/master/README.md;file
README.md;https://github.com/rladies/meetup-presentations_vitoria/blob/master/README.md;file
.gitignore;https://github.com/rladies/meetup-presentations_warsaw/blob/master/.gitignore;file
README.md;https://github.com/rladies/meetup-presentations_warsaw/blob/master/README.md;file
2018-08-29_R-Ladies_Louisville_August.pptx;https://github.com/rladies/meetup-presentation_louisville/blob/master/2018-08-29_R-Ladies_Louisville_August.pptx;file
Lightning Talks 6-20.pptx;https://github.com/rladies/meetup-presentation_louisville/blob/master/Lightning%20Talks%206-20.pptx;file
R-Ladies_Louisville_Intro.pdf;https://github.com/rladies/meetup-presentation_louisville/blob/master/R-Ladies_Louisville_Intro.pdf;file
README.md;https://github.com/rladies/meetup-presentation_louisville/blob/master/README.md;file
.gitignore;https://github.com/rladies/rladies_global_presentations/blob/master/.gitignore;file
20170603_CascadiaRConference;https://github.com/rladies/rladies_global_presentations/tree/master/20170603_CascadiaRConference;dir
20170607_EARLSF;https://github.com/rladies/rladies_global_presentations/tree/master/20170607_EARLSF;dir
20170706_useR2017_Brussels;https://github.com/rladies/rladies_global_presentations/tree/master/20170706_useR2017_Brussels;dir
20170914_EARLLDN;https://github.com/rladies/rladies_global_presentations/tree/master/20170914_EARLLDN;dir
20171021_WSDS2017;https://github.com/rladies/rladies_global_presentations/tree/master/20171021_WSDS2017;dir
20190116_RStudio_Conf_eposter;https://github.com/rladies/rladies_global_presentations/tree/master/20190116_RStudio_Conf_eposter;dir
20190530_SDSS2019;https://github.com/rladies/rladies_global_presentations/tree/master/20190530_SDSS2019;dir
20190608_CascadiaRConference;https://github.com/rladies/rladies_global_presentations/tree/master/20190608_CascadiaRConference;dir
20190708_UseR2019_Toulouse;https://github.com/rladies/rladies_global_presentations/tree/master/20190708_UseR2019_Toulouse;dir
20191211_AGU2019;https://github.com/rladies/rladies_global_presentations/tree/master/20191211_AGU2019;dir
LatinR2019;https://github.com/rladies/rladies_global_presentations/tree/master/LatinR2019;dir
README.md;https://github.com/rladies/rladies_global_presentations/blob/master/README.md;file
_config.yml;https://github.com/rladies/rladies_global_presentations/blob/master/_config.yml;file
